0 ;1 ;6134|2.8.2018;3 ;4 ;6134|2.8.2018;6 ;6134|2.8.2018;6134|2.8.2018;9 ;10 ;11 ;12 ;13 ;14 ;15 ;16 ;17 ;18 ;19 ;6134|2.8.2018;21 ;22 ;23 ;24 ;25 ;26 ;27 ;28 ;29 ;30 ;31 ;32 ;33 ;34 ;35 ;36 ;37 ;38 ;39 ;40 ;41 ;42 ;43 ;6134|2.8.2018;45 ;46 ;6134|2.8.2018;6134|2.8.2018;49 
0 ;1 ;2 ;3 ;6135|4.8.2018;5 ;6135|4.8.2018;7 ;6135|4.8.2018;9 ;10 ;11 ;12 ;13 ;14 ;6135|4.8.2018;6135|4.8.2018;17 ;18 ;19 ;20 ;21 ;6135|4.8.2018;23 ;24 ;6135|4.8.2018;26 ;27 ;28 ;29 ;30 ;31 ;32 ;6135|4.8.2018;34 ;35 ;36 ;37 ;38 ;39 ;40 ;41 ;42 ;43 ;44 ;45 ;46 ;47 ;48 ;49 
0 ;1 ;2 ;3 ;4 ;5 ;6 ;6136|7.8.2018;6136|7.8.2018;9 ;10 ;11 ;12 ;13 ;14 ;15 ;16 ;17 ;18 ;19 ;20 ;21 ;6136|7.8.2018;23 ;6136|7.8.2018;25 ;26 ;27 ;6136|7.8.2018;29 ;30 ;31 ;32 ;33 ;34 ;35 ;36 ;37 ;38 ;6136|7.8.2018;40 ;41 ;42 ;43 ;44 ;45 ;6136|7.8.2018;47 ;48 ;49 
0 ;1 ;2 ;3 ;4 ;5 ;6 ;7 ;6137|9.8.2018;6137|9.8.2018;10 ;11 ;12 ;13 ;14 ;6137|9.8.2018;16 ;17 ;18 ;19 ;20 ;21 ;22 ;23 ;24 ;25 ;26 ;27 ;28 ;6137|9.8.2018;30 ;31 ;32 ;33 ;6137|9.8.2018;6137|9.8.2018;36 ;37 ;38 ;39 ;40 ;41 ;42 ;43 ;6137|9.8.2018;45 ;46 ;47 ;6137|9.8.2018;49 
0 ;1 ;2 ;6138|11.8.2018;4 ;5 ;6 ;7 ;6138|11.8.2018;9 ;10 ;6138|11.8.2018;12 ;13 ;14 ;15 ;16 ;6138|11.8.2018;18 ;19 ;20 ;21 ;6138|11.8.2018;23 ;24 ;25 ;26 ;6138|11.8.2018;28 ;29 ;30 ;31 ;32 ;33 ;34 ;6138|11.8.2018;36 ;37 ;38 ;6138|11.8.2018;40 ;41 ;42 ;43 ;44 ;45 ;46 ;47 ;48 ;49 
0 ;1 ;6139|14.8.2018;3 ;4 ;5 ;6 ;7 ;6139|14.8.2018;9 ;10 ;11 ;12 ;13 ;6139|14.8.2018;15 ;16 ;17 ;18 ;19 ;20 ;21 ;22 ;23 ;24 ;6139|14.8.2018;26 ;6139|14.8.2018;28 ;29 ;30 ;31 ;32 ;33 ;34 ;35 ;36 ;37 ;38 ;39 ;40 ;41 ;42 ;6139|14.8.2018;44 ;45 ;46 ;6139|14.8.2018;48 ;49 
0 ;1 ;2 ;3 ;4 ;5 ;6 ;7 ;6140|16.8.2018;9 ;6140|16.8.2018;11 ;12 ;13 ;14 ;15 ;6140|16.8.2018;17 ;18 ;19 ;6140|16.8.2018;21 ;22 ;23 ;24 ;6140|16.8.2018;26 ;27 ;28 ;29 ;30 ;6140|16.8.2018;32 ;33 ;34 ;35 ;36 ;37 ;6140|16.8.2018;39 ;40 ;41 ;42 ;43 ;6140|16.8.2018;45 ;46 ;47 ;48 ;49 
0 ;6141|18.8.2018;2 ;3 ;4 ;5 ;6 ;7 ;6141|18.8.2018;9 ;10 ;11 ;12 ;13 ;14 ;15 ;16 ;6141|18.8.2018;6141|18.8.2018;19 ;20 ;21 ;22 ;23 ;24 ;6141|18.8.2018;6141|18.8.2018;27 ;28 ;29 ;30 ;31 ;32 ;33 ;34 ;35 ;36 ;37 ;38 ;39 ;40 ;41 ;6141|18.8.2018;43 ;44 ;45 ;46 ;47 ;48 ;49 
0 ;1 ;2 ;3 ;4 ;6142|21.8.2018;6 ;6142|21.8.2018;6142|21.8.2018;6142|21.8.2018;10 ;11 ;12 ;13 ;14 ;15 ;16 ;17 ;18 ;19 ;20 ;6142|21.8.2018;22 ;23 ;24 ;25 ;26 ;6142|21.8.2018;28 ;29 ;30 ;31 ;32 ;33 ;34 ;35 ;36 ;37 ;38 ;39 ;6142|21.8.2018;41 ;42 ;6142|21.8.2018;44 ;45 ;46 ;47 ;48 ;49 
0 ;1 ;2 ;3 ;4 ;5 ;6 ;7 ;6143|23.8.2018;9 ;6143|23.8.2018;11 ;12 ;13 ;6143|23.8.2018;15 ;6143|23.8.2018;17 ;18 ;19 ;20 ;21 ;22 ;6143|23.8.2018;24 ;25 ;26 ;27 ;28 ;29 ;30 ;31 ;32 ;6143|23.8.2018;34 ;35 ;36 ;37 ;6143|23.8.2018;39 ;6143|23.8.2018;41 ;42 ;43 ;44 ;45 ;46 ;47 ;48 ;49 
0 ;1 ;2 ;3 ;4 ;5 ;6 ;7 ;6144|25.8.2018;9 ;10 ;11 ;12 ;13 ;14 ;15 ;16 ;17 ;18 ;19 ;20 ;21 ;22 ;23 ;24 ;6144|25.8.2018;26 ;27 ;28 ;29 ;30 ;31 ;32 ;6144|25.8.2018;6144|25.8.2018;35 ;6144|25.8.2018;6144|25.8.2018;38 ;39 ;40 ;41 ;42 ;43 ;44 ;45 ;6144|25.8.2018;6144|25.8.2018;48 ;49 
0 ;6145|28.8.2018;2 ;3 ;6145|28.8.2018;5 ;6 ;7 ;6145|28.8.2018;9 ;10 ;11 ;12 ;13 ;14 ;15 ;16 ;17 ;6145|28.8.2018;19 ;20 ;6145|28.8.2018;22 ;23 ;24 ;25 ;26 ;27 ;6145|28.8.2018;6145|28.8.2018;6145|28.8.2018;31 ;32 ;33 ;34 ;35 ;36 ;37 ;38 ;39 ;40 ;41 ;42 ;43 ;44 ;45 ;46 ;47 ;48 ;49 
0 ;1 ;2 ;6146|30.8.2018;4 ;5 ;6 ;7 ;6146|30.8.2018;6146|30.8.2018;10 ;11 ;12 ;13 ;14 ;15 ;16 ;17 ;18 ;19 ;20 ;21 ;22 ;23 ;24 ;25 ;26 ;6146|30.8.2018;28 ;29 ;6146|30.8.2018;31 ;32 ;33 ;34 ;35 ;36 ;37 ;6146|30.8.2018;39 ;40 ;6146|30.8.2018;6146|30.8.2018;43 ;44 ;45 ;46 ;47 ;48 ;49 
0 ;6147|1.9.2018;2 ;3 ;4 ;5 ;6 ;7 ;8 ;6147|1.9.2018;10 ;11 ;12 ;13 ;6147|1.9.2018;6147|1.9.2018;16 ;17 ;18 ;19 ;20 ;21 ;22 ;23 ;24 ;25 ;26 ;27 ;28 ;29 ;30 ;31 ;32 ;33 ;34 ;35 ;36 ;37 ;38 ;39 ;40 ;41 ;6147|1.9.2018;43 ;6147|1.9.2018;45 ;46 ;47 ;6147|1.9.2018;49 
0 ;1 ;2 ;3 ;6148|4.9.2018;5 ;6 ;6148|4.9.2018;8 ;6148|4.9.2018;6148|4.9.2018;11 ;12 ;13 ;14 ;15 ;16 ;17 ;18 ;6148|4.9.2018;6148|4.9.2018;21 ;22 ;23 ;24 ;6148|4.9.2018;26 ;27 ;28 ;29 ;30 ;31 ;32 ;33 ;34 ;35 ;36 ;37 ;38 ;39 ;40 ;41 ;42 ;43 ;44 ;45 ;6148|4.9.2018;47 ;48 ;49 
0 ;1 ;2 ;3 ;4 ;6149|6.9.2018;6149|6.9.2018;7 ;8 ;6149|6.9.2018;10 ;11 ;12 ;13 ;6149|6.9.2018;15 ;16 ;17 ;18 ;19 ;20 ;21 ;22 ;23 ;24 ;6149|6.9.2018;26 ;6149|6.9.2018;28 ;29 ;30 ;31 ;32 ;6149|6.9.2018;34 ;35 ;36 ;37 ;38 ;39 ;40 ;41 ;42 ;43 ;44 ;6149|6.9.2018;46 ;47 ;48 ;49 
0 ;1 ;2 ;3 ;4 ;6150|8.9.2018;6 ;7 ;6150|8.9.2018;6150|8.9.2018;10 ;11 ;12 ;13 ;14 ;15 ;16 ;17 ;18 ;19 ;20 ;21 ;22 ;6150|8.9.2018;6150|8.9.2018;25 ;26 ;27 ;28 ;6150|8.9.2018;30 ;31 ;32 ;33 ;34 ;35 ;6150|8.9.2018;37 ;38 ;39 ;40 ;41 ;42 ;43 ;44 ;6150|8.9.2018;46 ;47 ;48 ;49 
0 ;1 ;2 ;3 ;4 ;5 ;6 ;7 ;8 ;6151|11.9.2018;10 ;6151|11.9.2018;12 ;13 ;14 ;15 ;16 ;6151|11.9.2018;18 ;19 ;20 ;6151|11.9.2018;22 ;23 ;24 ;25 ;26 ;6151|11.9.2018;28 ;29 ;30 ;31 ;32 ;33 ;34 ;35 ;6151|11.9.2018;6151|11.9.2018;38 ;39 ;40 ;41 ;6151|11.9.2018;43 ;44 ;45 ;46 ;47 ;48 ;49 
0 ;1 ;2 ;3 ;4 ;5 ;6 ;7 ;6152|13.9.2018;6152|13.9.2018;10 ;11 ;12 ;6152|13.9.2018;6152|13.9.2018;6152|13.9.2018;16 ;17 ;18 ;19 ;20 ;21 ;22 ;6152|13.9.2018;24 ;25 ;26 ;6152|13.9.2018;28 ;29 ;30 ;6152|13.9.2018;32 ;33 ;34 ;35 ;36 ;37 ;38 ;39 ;40 ;41 ;42 ;43 ;44 ;45 ;46 ;47 ;48 ;49 
0 ;1 ;2 ;3 ;6153|15.9.2018;5 ;6 ;7 ;8 ;6153|15.9.2018;10 ;11 ;6153|15.9.2018;13 ;14 ;6153|15.9.2018;6153|15.9.2018;17 ;18 ;19 ;20 ;21 ;22 ;23 ;24 ;25 ;26 ;27 ;28 ;6153|15.9.2018;30 ;31 ;32 ;33 ;34 ;35 ;6153|15.9.2018;6153|15.9.2018;38 ;39 ;40 ;41 ;42 ;43 ;44 ;45 ;46 ;47 ;48 ;49 
0 ;1 ;2 ;3 ;4 ;5 ;6 ;6154|18.9.2018;8 ;6154|18.9.2018;10 ;11 ;12 ;13 ;14 ;15 ;16 ;17 ;6154|18.9.2018;19 ;20 ;6154|18.9.2018;22 ;23 ;6154|18.9.2018;25 ;26 ;27 ;28 ;29 ;30 ;31 ;32 ;33 ;34 ;35 ;6154|18.9.2018;37 ;6154|18.9.2018;39 ;40 ;41 ;6154|18.9.2018;43 ;44 ;45 ;46 ;47 ;48 ;49 
0 ;6155|20.9.2018;2 ;3 ;4 ;5 ;6 ;6155|20.9.2018;8 ;6155|20.9.2018;10 ;11 ;12 ;6155|20.9.2018;6155|20.9.2018;15 ;16 ;17 ;18 ;19 ;6155|20.9.2018;21 ;22 ;23 ;24 ;6155|20.9.2018;26 ;27 ;6155|20.9.2018;29 ;30 ;31 ;32 ;33 ;34 ;35 ;36 ;37 ;38 ;39 ;40 ;41 ;42 ;43 ;44 ;45 ;46 ;47 ;48 ;49 
0 ;1 ;2 ;3 ;6156|22.9.2018;5 ;6 ;7 ;6156|22.9.2018;6156|22.9.2018;10 ;11 ;12 ;13 ;14 ;15 ;16 ;17 ;18 ;19 ;20 ;21 ;6156|22.9.2018;6156|22.9.2018;24 ;25 ;26 ;6156|22.9.2018;28 ;29 ;6156|22.9.2018;31 ;32 ;33 ;6156|22.9.2018;35 ;36 ;37 ;38 ;39 ;40 ;41 ;42 ;43 ;44 ;45 ;46 ;47 ;48 ;49 
0 ;1 ;2 ;3 ;4 ;5 ;6 ;6157|25.9.2018;8 ;6157|25.9.2018;6157|25.9.2018;11 ;6157|25.9.2018;13 ;14 ;15 ;16 ;6157|25.9.2018;18 ;19 ;20 ;21 ;22 ;23 ;24 ;6157|25.9.2018;26 ;27 ;28 ;29 ;30 ;31 ;32 ;33 ;34 ;35 ;36 ;37 ;6157|25.9.2018;39 ;40 ;41 ;42 ;43 ;44 ;45 ;6157|25.9.2018;47 ;48 ;49 
0 ;1 ;2 ;3 ;4 ;5 ;6 ;7 ;8 ;6158|27.9.2018;10 ;6158|27.9.2018;12 ;13 ;14 ;6158|27.9.2018;16 ;17 ;18 ;19 ;20 ;21 ;22 ;23 ;24 ;25 ;26 ;6158|27.9.2018;28 ;29 ;30 ;31 ;32 ;33 ;34 ;35 ;36 ;6158|27.9.2018;38 ;6158|27.9.2018;40 ;41 ;42 ;6158|27.9.2018;44 ;45 ;46 ;47 ;48 ;49 
0 ;1 ;2 ;3 ;4 ;5 ;6 ;6159|29.9.2018;8 ;6159|29.9.2018;10 ;11 ;12 ;6159|29.9.2018;14 ;15 ;16 ;17 ;18 ;19 ;20 ;21 ;22 ;23 ;24 ;6159|29.9.2018;26 ;27 ;6159|29.9.2018;6159|29.9.2018;30 ;31 ;32 ;33 ;6159|29.9.2018;35 ;36 ;37 ;38 ;39 ;40 ;41 ;42 ;6159|29.9.2018;44 ;45 ;46 ;47 ;48 ;49 
0 ;1 ;6160|2.10.2018;3 ;4 ;5 ;6 ;6160|2.10.2018;8 ;9 ;6160|2.10.2018;11 ;12 ;13 ;14 ;15 ;16 ;17 ;18 ;19 ;20 ;21 ;22 ;23 ;24 ;25 ;6160|2.10.2018;27 ;28 ;29 ;30 ;31 ;32 ;33 ;6160|2.10.2018;35 ;36 ;37 ;38 ;39 ;40 ;41 ;42 ;43 ;6160|2.10.2018;6160|2.10.2018;46 ;47 ;48 ;49 
0 ;1 ;2 ;3 ;6161|4.10.2018;5 ;6 ;7 ;8 ;9 ;6161|4.10.2018;11 ;6161|4.10.2018;13 ;14 ;15 ;16 ;17 ;18 ;19 ;20 ;6161|4.10.2018;22 ;23 ;6161|4.10.2018;25 ;26 ;6161|4.10.2018;28 ;29 ;30 ;31 ;32 ;33 ;34 ;35 ;36 ;37 ;6161|4.10.2018;39 ;40 ;41 ;42 ;43 ;44 ;45 ;46 ;47 ;48 ;49 
0 ;1 ;2 ;3 ;4 ;5 ;6162|6.10.2018;7 ;8 ;9 ;6162|6.10.2018;11 ;6162|6.10.2018;13 ;14 ;15 ;16 ;6162|6.10.2018;18 ;19 ;20 ;21 ;22 ;6162|6.10.2018;6162|6.10.2018;25 ;26 ;27 ;28 ;29 ;30 ;31 ;32 ;33 ;6162|6.10.2018;35 ;36 ;37 ;38 ;39 ;40 ;41 ;42 ;43 ;44 ;45 ;46 ;47 ;6162|6.10.2018;49 
0 ;6163|9.10.2018;2 ;6163|9.10.2018;4 ;5 ;6 ;7 ;8 ;6163|9.10.2018;6163|9.10.2018;11 ;12 ;13 ;14 ;6163|9.10.2018;16 ;6163|9.10.2018;18 ;19 ;20 ;21 ;22 ;23 ;24 ;25 ;26 ;27 ;28 ;29 ;30 ;31 ;32 ;33 ;34 ;35 ;36 ;37 ;6163|9.10.2018;39 ;40 ;41 ;42 ;43 ;44 ;45 ;46 ;47 ;48 ;49 
0 ;1 ;2 ;3 ;6164|11.10.2018;5 ;6 ;7 ;8 ;9 ;6164|11.10.2018;6164|11.10.2018;12 ;13 ;6164|11.10.2018;15 ;16 ;17 ;18 ;19 ;6164|11.10.2018;21 ;22 ;23 ;6164|11.10.2018;25 ;26 ;27 ;28 ;6164|11.10.2018;30 ;31 ;32 ;33 ;34 ;35 ;36 ;37 ;38 ;39 ;40 ;41 ;42 ;43 ;44 ;6164|11.10.2018;46 ;47 ;48 ;49 
0 ;6165|13.10.2018;2 ;3 ;6165|13.10.2018;5 ;6165|13.10.2018;7 ;8 ;9 ;6165|13.10.2018;6165|13.10.2018;12 ;6165|13.10.2018;14 ;15 ;16 ;17 ;18 ;19 ;20 ;21 ;22 ;23 ;6165|13.10.2018;25 ;26 ;27 ;28 ;29 ;30 ;31 ;32 ;33 ;34 ;35 ;36 ;37 ;38 ;39 ;40 ;41 ;42 ;43 ;44 ;6165|13.10.2018;46 ;47 ;48 ;49 
0 ;1 ;2 ;3 ;4 ;5 ;6 ;7 ;8 ;9 ;6166|16.10.2018;11 ;6166|16.10.2018;13 ;14 ;6166|16.10.2018;6166|16.10.2018;17 ;18 ;19 ;20 ;21 ;22 ;23 ;24 ;6166|16.10.2018;26 ;27 ;28 ;29 ;30 ;6166|16.10.2018;32 ;33 ;34 ;35 ;36 ;37 ;6166|16.10.2018;39 ;40 ;41 ;42 ;43 ;44 ;6166|16.10.2018;46 ;47 ;48 ;49 
0 ;1 ;2 ;3 ;4 ;6167|18.10.2018;6 ;7 ;8 ;9 ;6167|18.10.2018;11 ;12 ;13 ;14 ;6167|18.10.2018;16 ;17 ;6167|18.10.2018;19 ;20 ;21 ;22 ;6167|18.10.2018;24 ;25 ;26 ;27 ;28 ;29 ;30 ;31 ;32 ;6167|18.10.2018;34 ;6167|18.10.2018;36 ;37 ;38 ;39 ;40 ;41 ;42 ;43 ;44 ;6167|18.10.2018;46 ;47 ;48 ;49 
0 ;1 ;2 ;3 ;4 ;5 ;6 ;7 ;6168|20.10.2018;9 ;6168|20.10.2018;6168|20.10.2018;12 ;13 ;14 ;15 ;16 ;6168|20.10.2018;18 ;19 ;6168|20.10.2018;21 ;6168|20.10.2018;6168|20.10.2018;24 ;25 ;26 ;27 ;28 ;29 ;30 ;31 ;32 ;33 ;34 ;6168|20.10.2018;36 ;37 ;38 ;39 ;40 ;41 ;42 ;43 ;44 ;45 ;46 ;47 ;48 ;49 
0 ;1 ;2 ;6169|23.10.2018;4 ;5 ;6 ;7 ;8 ;9 ;6169|23.10.2018;11 ;6169|23.10.2018;13 ;14 ;15 ;6169|23.10.2018;17 ;18 ;19 ;20 ;21 ;22 ;6169|23.10.2018;24 ;25 ;26 ;27 ;28 ;29 ;30 ;6169|23.10.2018;32 ;33 ;34 ;35 ;36 ;37 ;38 ;39 ;40 ;41 ;42 ;6169|23.10.2018;44 ;45 ;46 ;47 ;48 ;49 
0 ;1 ;2 ;3 ;4 ;5 ;6 ;7 ;8 ;9 ;6170|25.10.2018;11 ;12 ;13 ;14 ;15 ;16 ;17 ;18 ;19 ;20 ;21 ;22 ;23 ;24 ;6170|25.10.2018;26 ;27 ;28 ;29 ;30 ;31 ;32 ;6170|25.10.2018;34 ;35 ;36 ;37 ;38 ;6170|25.10.2018;40 ;6170|25.10.2018;42 ;43 ;44 ;45 ;46 ;47 ;48 ;6170|25.10.2018
0 ;1 ;2 ;3 ;4 ;5 ;6 ;7 ;8 ;9 ;6171|27.10.2018;11 ;12 ;13 ;14 ;6171|27.10.2018;16 ;17 ;18 ;19 ;20 ;6171|27.10.2018;22 ;23 ;24 ;25 ;26 ;6171|27.10.2018;28 ;29 ;30 ;31 ;32 ;33 ;6171|27.10.2018;35 ;36 ;37 ;38 ;39 ;6171|27.10.2018;41 ;42 ;6171|27.10.2018;44 ;45 ;6171|27.10.2018;47 ;48 ;49 
0 ;1 ;6172|30.10.2018;3 ;4 ;5 ;6 ;7 ;8 ;9 ;6172|30.10.2018;11 ;12 ;13 ;6172|30.10.2018;15 ;16 ;17 ;18 ;19 ;20 ;21 ;6172|30.10.2018;23 ;6172|30.10.2018;25 ;6172|30.10.2018;27 ;28 ;29 ;6172|30.10.2018;31 ;32 ;33 ;34 ;35 ;6172|30.10.2018;37 ;38 ;39 ;40 ;41 ;42 ;43 ;44 ;45 ;46 ;47 ;48 ;49 
0 ;6173|1.11.2018;2 ;3 ;4 ;5 ;6 ;7 ;8 ;9 ;10 ;6173|1.11.2018;6173|1.11.2018;13 ;14 ;15 ;16 ;17 ;18 ;6173|1.11.2018;20 ;21 ;22 ;6173|1.11.2018;24 ;25 ;26 ;6173|1.11.2018;28 ;29 ;30 ;31 ;32 ;33 ;34 ;35 ;36 ;37 ;38 ;39 ;40 ;41 ;42 ;43 ;44 ;45 ;46 ;6173|1.11.2018;48 ;49 
0 ;1 ;6174|3.11.2018;6174|3.11.2018;6174|3.11.2018;6174|3.11.2018;6 ;7 ;8 ;9 ;10 ;6174|3.11.2018;12 ;13 ;14 ;15 ;16 ;17 ;6174|3.11.2018;19 ;20 ;21 ;22 ;23 ;24 ;25 ;6174|3.11.2018;27 ;28 ;29 ;30 ;31 ;32 ;33 ;34 ;35 ;6174|3.11.2018;37 ;38 ;39 ;40 ;41 ;42 ;43 ;44 ;45 ;46 ;47 ;48 ;49 
0 ;6175|6.11.2018;2 ;3 ;4 ;5 ;6175|6.11.2018;7 ;8 ;9 ;10 ;6175|6.11.2018;6175|6.11.2018;6175|6.11.2018;14 ;6175|6.11.2018;16 ;6175|6.11.2018;18 ;19 ;20 ;21 ;22 ;23 ;24 ;25 ;26 ;6175|6.11.2018;28 ;29 ;30 ;31 ;32 ;33 ;34 ;35 ;36 ;37 ;38 ;39 ;40 ;41 ;42 ;43 ;44 ;45 ;46 ;47 ;48 ;49 
0 ;1 ;2 ;3 ;6176|8.11.2018;5 ;6 ;7 ;6176|8.11.2018;9 ;6176|8.11.2018;6176|8.11.2018;12 ;13 ;14 ;15 ;16 ;17 ;18 ;19 ;20 ;6176|8.11.2018;6176|8.11.2018;6176|8.11.2018;24 ;25 ;6176|8.11.2018;27 ;28 ;29 ;30 ;31 ;32 ;33 ;34 ;35 ;36 ;37 ;38 ;39 ;40 ;41 ;42 ;43 ;44 ;45 ;46 ;47 ;48 ;49 
0 ;1 ;2 ;6177|10.11.2018;4 ;5 ;6 ;7 ;8 ;9 ;6177|10.11.2018;6177|10.11.2018;12 ;13 ;6177|10.11.2018;6177|10.11.2018;16 ;17 ;18 ;19 ;20 ;21 ;22 ;23 ;24 ;25 ;26 ;27 ;28 ;29 ;30 ;6177|10.11.2018;32 ;33 ;34 ;35 ;6177|10.11.2018;37 ;38 ;39 ;40 ;41 ;42 ;43 ;44 ;45 ;6177|10.11.2018;47 ;48 ;49 
0 ;1 ;2 ;3 ;4 ;5 ;6 ;7 ;8 ;9 ;10 ;6178|13.11.2018;12 ;6178|13.11.2018;14 ;6178|13.11.2018;16 ;17 ;18 ;19 ;20 ;21 ;22 ;23 ;24 ;25 ;26 ;27 ;28 ;6178|13.11.2018;6178|13.11.2018;31 ;32 ;33 ;34 ;35 ;36 ;37 ;38 ;39 ;40 ;41 ;6178|13.11.2018;43 ;44 ;6178|13.11.2018;46 ;47 ;6178|13.11.2018;49 
0 ;1 ;2 ;3 ;4 ;5 ;6 ;7 ;6179|15.11.2018;9 ;10 ;6179|15.11.2018;12 ;13 ;14 ;6179|15.11.2018;16 ;17 ;18 ;19 ;20 ;21 ;22 ;23 ;24 ;6179|15.11.2018;26 ;6179|15.11.2018;28 ;29 ;6179|15.11.2018;6179|15.11.2018;32 ;33 ;34 ;35 ;36 ;37 ;38 ;39 ;40 ;41 ;42 ;43 ;44 ;45 ;46 ;47 ;6179|15.11.2018;49 
0 ;1 ;2 ;3 ;6180|17.11.2018;5 ;6 ;7 ;8 ;9 ;10 ;6180|17.11.2018;12 ;13 ;14 ;15 ;6180|17.11.2018;6180|17.11.2018;18 ;19 ;6180|17.11.2018;21 ;22 ;23 ;24 ;25 ;6180|17.11.2018;27 ;28 ;29 ;30 ;31 ;32 ;33 ;34 ;35 ;36 ;37 ;38 ;39 ;6180|17.11.2018;41 ;6180|17.11.2018;43 ;44 ;45 ;46 ;47 ;48 ;49 
0 ;1 ;2 ;3 ;4 ;6181|20.11.2018;6 ;7 ;8 ;9 ;10 ;6181|20.11.2018;6181|20.11.2018;13 ;14 ;15 ;16 ;17 ;18 ;19 ;6181|20.11.2018;6181|20.11.2018;22 ;23 ;6181|20.11.2018;25 ;26 ;6181|20.11.2018;28 ;29 ;30 ;31 ;32 ;33 ;34 ;35 ;6181|20.11.2018;37 ;38 ;39 ;40 ;41 ;42 ;43 ;44 ;45 ;46 ;47 ;48 ;49 
0 ;6182|22.11.2018;2 ;3 ;4 ;5 ;6 ;7 ;8 ;6182|22.11.2018;10 ;6182|22.11.2018;12 ;13 ;6182|22.11.2018;15 ;16 ;17 ;18 ;6182|22.11.2018;20 ;6182|22.11.2018;6182|22.11.2018;23 ;24 ;25 ;26 ;27 ;28 ;29 ;30 ;31 ;32 ;33 ;34 ;35 ;36 ;37 ;38 ;39 ;40 ;41 ;42 ;43 ;44 ;45 ;6182|22.11.2018;47 ;48 ;49 
0 ;1 ;2 ;3 ;4 ;5 ;6 ;7 ;8 ;9 ;10 ;6183|24.11.2018;12 ;6183|24.11.2018;6183|24.11.2018;15 ;16 ;17 ;18 ;19 ;20 ;21 ;22 ;23 ;6183|24.11.2018;25 ;26 ;27 ;28 ;29 ;30 ;31 ;6183|24.11.2018;33 ;34 ;35 ;36 ;37 ;38 ;39 ;40 ;41 ;42 ;43 ;44 ;45 ;46 ;47 ;6183|24.11.2018;6183|24.11.2018
0 ;1 ;2 ;3 ;4 ;5 ;6 ;7 ;8 ;9 ;10 ;6184|27.11.2018;6184|27.11.2018;13 ;14 ;15 ;16 ;17 ;18 ;6184|27.11.2018;20 ;21 ;22 ;23 ;24 ;6184|27.11.2018;26 ;6184|27.11.2018;28 ;29 ;30 ;31 ;6184|27.11.2018;33 ;34 ;35 ;36 ;37 ;38 ;39 ;40 ;41 ;6184|27.11.2018;43 ;44 ;45 ;46 ;47 ;6184|27.11.2018;49 
0 ;1 ;2 ;3 ;4 ;5 ;6 ;7 ;8 ;6185|29.11.2018;10 ;6185|29.11.2018;12 ;13 ;6185|29.11.2018;15 ;16 ;17 ;18 ;19 ;20 ;21 ;22 ;23 ;24 ;25 ;26 ;6185|29.11.2018;28 ;6185|29.11.2018;30 ;31 ;32 ;33 ;34 ;35 ;6185|29.11.2018;37 ;38 ;39 ;40 ;41 ;6185|29.11.2018;43 ;6185|29.11.2018;45 ;46 ;47 ;48 ;49 
0 ;6186|1.12.2018;2 ;6186|1.12.2018;4 ;5 ;6 ;7 ;6186|1.12.2018;9 ;10 ;11 ;6186|1.12.2018;13 ;14 ;15 ;16 ;17 ;18 ;19 ;20 ;21 ;22 ;23 ;24 ;25 ;26 ;27 ;28 ;29 ;6186|1.12.2018;31 ;32 ;33 ;34 ;35 ;36 ;6186|1.12.2018;38 ;39 ;40 ;41 ;42 ;43 ;44 ;6186|1.12.2018;46 ;47 ;48 ;49 
0 ;1 ;2 ;3 ;6187|4.12.2018;5 ;6 ;7 ;8 ;9 ;10 ;11 ;6187|4.12.2018;13 ;14 ;15 ;16 ;6187|4.12.2018;6187|4.12.2018;19 ;20 ;21 ;22 ;23 ;24 ;25 ;6187|4.12.2018;27 ;28 ;29 ;6187|4.12.2018;31 ;32 ;33 ;34 ;35 ;36 ;37 ;38 ;6187|4.12.2018;6187|4.12.2018;41 ;42 ;43 ;44 ;45 ;46 ;47 ;48 ;49 
0 ;1 ;6188|6.12.2018;3 ;4 ;5 ;6188|6.12.2018;7 ;8 ;9 ;10 ;11 ;6188|6.12.2018;13 ;14 ;15 ;16 ;17 ;18 ;19 ;20 ;6188|6.12.2018;22 ;23 ;6188|6.12.2018;25 ;26 ;6188|6.12.2018;28 ;29 ;30 ;31 ;32 ;33 ;34 ;6188|6.12.2018;6188|6.12.2018;37 ;38 ;39 ;40 ;41 ;42 ;43 ;44 ;45 ;46 ;47 ;48 ;49 
0 ;1 ;2 ;3 ;4 ;5 ;6 ;7 ;6189|8.12.2018;6189|8.12.2018;10 ;11 ;6189|8.12.2018;13 ;14 ;15 ;16 ;17 ;18 ;19 ;20 ;21 ;22 ;23 ;24 ;25 ;26 ;27 ;6189|8.12.2018;29 ;30 ;31 ;32 ;33 ;34 ;35 ;36 ;37 ;38 ;39 ;6189|8.12.2018;41 ;6189|8.12.2018;6189|8.12.2018;44 ;45 ;6189|8.12.2018;47 ;48 ;49 
0 ;1 ;2 ;6190|11.12.2018;4 ;5 ;6190|11.12.2018;7 ;6190|11.12.2018;9 ;10 ;6190|11.12.2018;6190|11.12.2018;13 ;14 ;15 ;6190|11.12.2018;17 ;18 ;19 ;20 ;21 ;22 ;23 ;24 ;25 ;26 ;27 ;28 ;29 ;30 ;6190|11.12.2018;32 ;33 ;34 ;35 ;36 ;37 ;6190|11.12.2018;39 ;40 ;41 ;42 ;43 ;44 ;45 ;46 ;47 ;48 ;49 
0 ;1 ;2 ;3 ;6191|13.12.2018;5 ;6191|13.12.2018;7 ;8 ;9 ;6191|13.12.2018;11 ;6191|13.12.2018;6191|13.12.2018;14 ;15 ;16 ;17 ;18 ;19 ;20 ;21 ;22 ;23 ;24 ;25 ;26 ;27 ;6191|13.12.2018;29 ;30 ;31 ;6191|13.12.2018;33 ;6191|13.12.2018;35 ;36 ;37 ;38 ;39 ;40 ;41 ;42 ;43 ;44 ;45 ;46 ;47 ;48 ;49 
0 ;1 ;2 ;3 ;4 ;5 ;6 ;7 ;8 ;9 ;10 ;11 ;6192|15.12.2018;6192|15.12.2018;14 ;6192|15.12.2018;6192|15.12.2018;17 ;18 ;19 ;20 ;21 ;22 ;23 ;6192|15.12.2018;25 ;26 ;27 ;6192|15.12.2018;29 ;30 ;31 ;32 ;33 ;34 ;35 ;36 ;37 ;38 ;39 ;40 ;41 ;42 ;43 ;44 ;6192|15.12.2018;46 ;47 ;48 ;49 
0 ;1 ;2 ;3 ;4 ;5 ;6 ;7 ;6193|18.12.2018;9 ;10 ;6193|18.12.2018;6193|18.12.2018;13 ;14 ;15 ;16 ;17 ;6193|18.12.2018;19 ;6193|18.12.2018;21 ;22 ;23 ;24 ;25 ;26 ;27 ;28 ;29 ;30 ;31 ;32 ;33 ;34 ;35 ;36 ;37 ;6193|18.12.2018;6193|18.12.2018;40 ;41 ;42 ;6193|18.12.2018;44 ;45 ;46 ;47 ;48 ;49 
0 ;6194|20.12.2018;2 ;6194|20.12.2018;4 ;5 ;6 ;7 ;8 ;9 ;10 ;11 ;6194|20.12.2018;13 ;14 ;15 ;16 ;6194|20.12.2018;18 ;19 ;6194|20.12.2018;21 ;22 ;23 ;24 ;25 ;26 ;27 ;28 ;6194|20.12.2018;30 ;31 ;32 ;33 ;34 ;35 ;36 ;37 ;38 ;39 ;40 ;41 ;42 ;43 ;6194|20.12.2018;45 ;46 ;6194|20.12.2018;48 ;49 
0 ;1 ;2 ;3 ;4 ;5 ;6 ;7 ;8 ;9 ;10 ;11 ;6195|22.12.2018;13 ;14 ;6195|22.12.2018;16 ;17 ;18 ;19 ;20 ;21 ;6195|22.12.2018;23 ;24 ;25 ;26 ;27 ;28 ;29 ;30 ;6195|22.12.2018;32 ;33 ;34 ;35 ;6195|22.12.2018;37 ;38 ;6195|22.12.2018;40 ;41 ;42 ;43 ;44 ;6195|22.12.2018;46 ;6195|22.12.2018;48 ;49 
0 ;1 ;2 ;3 ;4 ;5 ;6196|25.12.2018;7 ;8 ;9 ;10 ;11 ;6196|25.12.2018;6196|25.12.2018;14 ;15 ;16 ;17 ;18 ;19 ;20 ;21 ;22 ;23 ;24 ;6196|25.12.2018;26 ;27 ;28 ;29 ;30 ;31 ;32 ;33 ;34 ;6196|25.12.2018;36 ;37 ;38 ;6196|25.12.2018;6196|25.12.2018;41 ;42 ;43 ;44 ;45 ;46 ;6196|25.12.2018;48 ;49 
0 ;1 ;2 ;3 ;4 ;6197|27.12.2018;6 ;7 ;6197|27.12.2018;9 ;6197|27.12.2018;11 ;6197|27.12.2018;13 ;14 ;15 ;16 ;17 ;18 ;19 ;20 ;21 ;22 ;23 ;24 ;25 ;26 ;6197|27.12.2018;28 ;29 ;30 ;31 ;32 ;6197|27.12.2018;34 ;35 ;36 ;37 ;38 ;39 ;40 ;41 ;6197|27.12.2018;43 ;44 ;45 ;46 ;47 ;6197|27.12.2018;49 
0 ;1 ;2 ;6198|29.12.2018;4 ;5 ;6 ;7 ;8 ;6198|29.12.2018;10 ;11 ;6198|29.12.2018;13 ;14 ;6198|29.12.2018;16 ;17 ;18 ;19 ;20 ;21 ;22 ;23 ;6198|29.12.2018;25 ;26 ;27 ;28 ;6198|29.12.2018;30 ;31 ;32 ;6198|29.12.2018;6198|29.12.2018;35 ;36 ;37 ;38 ;39 ;40 ;41 ;42 ;43 ;44 ;45 ;46 ;47 ;48 ;49 
0 ;6199|1.1.2019;2 ;3 ;4 ;5 ;6199|1.1.2019;7 ;8 ;9 ;10 ;11 ;12 ;13 ;14 ;15 ;16 ;17 ;18 ;19 ;6199|1.1.2019;21 ;22 ;23 ;6199|1.1.2019;25 ;26 ;27 ;28 ;29 ;30 ;31 ;32 ;6199|1.1.2019;34 ;35 ;36 ;37 ;38 ;39 ;40 ;41 ;42 ;43 ;6199|1.1.2019;45 ;46 ;6199|1.1.2019;48 ;49 
0 ;6200|3.1.2019;6200|3.1.2019;6200|3.1.2019;4 ;5 ;6 ;7 ;8 ;9 ;10 ;11 ;12 ;13 ;6200|3.1.2019;15 ;16 ;17 ;18 ;19 ;20 ;6200|3.1.2019;6200|3.1.2019;23 ;24 ;25 ;26 ;27 ;28 ;29 ;30 ;31 ;32 ;33 ;34 ;35 ;36 ;6200|3.1.2019;38 ;39 ;40 ;41 ;42 ;43 ;6200|3.1.2019;45 ;46 ;47 ;48 ;49 
0 ;6201|5.1.2019;2 ;3 ;4 ;6201|5.1.2019;6 ;6201|5.1.2019;8 ;9 ;10 ;11 ;12 ;13 ;14 ;15 ;6201|5.1.2019;17 ;6201|5.1.2019;19 ;20 ;6201|5.1.2019;6201|5.1.2019;23 ;24 ;25 ;6201|5.1.2019;27 ;28 ;29 ;30 ;31 ;32 ;33 ;34 ;35 ;36 ;37 ;38 ;39 ;40 ;41 ;42 ;43 ;44 ;45 ;46 ;47 ;48 ;49 
0 ;6202|8.1.2019;2 ;3 ;6202|8.1.2019;5 ;6 ;7 ;6202|8.1.2019;9 ;10 ;11 ;12 ;13 ;14 ;15 ;16 ;6202|8.1.2019;18 ;19 ;20 ;6202|8.1.2019;22 ;23 ;24 ;25 ;6202|8.1.2019;27 ;28 ;29 ;30 ;31 ;32 ;33 ;34 ;35 ;36 ;37 ;38 ;39 ;40 ;41 ;6202|8.1.2019;43 ;44 ;6202|8.1.2019;46 ;47 ;48 ;49 
0 ;6203|10.1.2019;6203|10.1.2019;3 ;4 ;5 ;6 ;7 ;8 ;9 ;6203|10.1.2019;11 ;12 ;6203|10.1.2019;14 ;15 ;16 ;17 ;18 ;19 ;20 ;21 ;22 ;23 ;24 ;25 ;26 ;27 ;28 ;29 ;30 ;31 ;32 ;33 ;34 ;35 ;36 ;37 ;6203|10.1.2019;39 ;40 ;41 ;6203|10.1.2019;43 ;44 ;45 ;6203|10.1.2019;47 ;48 ;49 
0 ;6204|12.1.2019;6204|12.1.2019;3 ;4 ;6204|12.1.2019;6 ;7 ;8 ;9 ;6204|12.1.2019;11 ;6204|12.1.2019;13 ;6204|12.1.2019;6204|12.1.2019;16 ;17 ;18 ;19 ;20 ;21 ;22 ;23 ;24 ;25 ;26 ;27 ;28 ;29 ;30 ;31 ;32 ;33 ;34 ;35 ;36 ;37 ;38 ;39 ;40 ;41 ;42 ;43 ;44 ;45 ;46 ;47 ;48 ;6204|12.1.2019
0 ;6205|15.1.2019;2 ;3 ;4 ;6205|15.1.2019;6 ;7 ;8 ;9 ;10 ;11 ;12 ;13 ;14 ;6205|15.1.2019;16 ;6205|15.1.2019;18 ;19 ;20 ;21 ;22 ;23 ;24 ;25 ;6205|15.1.2019;27 ;28 ;29 ;30 ;31 ;6205|15.1.2019;33 ;34 ;35 ;36 ;37 ;38 ;39 ;40 ;41 ;42 ;43 ;44 ;45 ;46 ;47 ;48 ;6205|15.1.2019
0 ;6206|17.1.2019;2 ;3 ;4 ;5 ;6206|17.1.2019;6206|17.1.2019;8 ;9 ;10 ;11 ;12 ;6206|17.1.2019;6206|17.1.2019;15 ;16 ;6206|17.1.2019;18 ;19 ;20 ;21 ;22 ;23 ;24 ;25 ;26 ;27 ;28 ;29 ;30 ;31 ;32 ;33 ;34 ;35 ;36 ;37 ;38 ;6206|17.1.2019;40 ;41 ;6206|17.1.2019;43 ;44 ;45 ;46 ;47 ;48 ;49 
0 ;6207|19.1.2019;2 ;3 ;4 ;5 ;6 ;7 ;8 ;9 ;10 ;11 ;6207|19.1.2019;13 ;6207|19.1.2019;15 ;16 ;17 ;18 ;6207|19.1.2019;20 ;6207|19.1.2019;22 ;23 ;24 ;25 ;26 ;27 ;28 ;29 ;6207|19.1.2019;31 ;6207|19.1.2019;33 ;34 ;35 ;36 ;37 ;38 ;39 ;40 ;41 ;42 ;6207|19.1.2019;44 ;45 ;46 ;47 ;48 ;49 
0 ;6208|22.1.2019;2 ;3 ;4 ;5 ;6 ;7 ;8 ;9 ;6208|22.1.2019;11 ;12 ;13 ;6208|22.1.2019;15 ;16 ;17 ;18 ;19 ;20 ;21 ;6208|22.1.2019;23 ;24 ;25 ;26 ;27 ;28 ;29 ;30 ;31 ;32 ;33 ;34 ;35 ;6208|22.1.2019;37 ;6208|22.1.2019;39 ;40 ;41 ;42 ;43 ;6208|22.1.2019;45 ;46 ;47 ;48 ;49 
0 ;6209|24.1.2019;2 ;3 ;4 ;5 ;6209|24.1.2019;7 ;8 ;9 ;6209|24.1.2019;11 ;6209|24.1.2019;13 ;14 ;15 ;16 ;17 ;18 ;19 ;20 ;21 ;6209|24.1.2019;23 ;6209|24.1.2019;25 ;26 ;27 ;28 ;29 ;30 ;31 ;32 ;6209|24.1.2019;34 ;35 ;36 ;37 ;38 ;39 ;6209|24.1.2019;41 ;42 ;43 ;44 ;45 ;46 ;47 ;48 ;49 
0 ;6210|26.1.2019;2 ;3 ;4 ;5 ;6 ;6210|26.1.2019;8 ;9 ;10 ;11 ;12 ;13 ;14 ;15 ;6210|26.1.2019;17 ;18 ;19 ;20 ;21 ;22 ;23 ;24 ;25 ;6210|26.1.2019;27 ;28 ;29 ;30 ;31 ;32 ;33 ;34 ;35 ;36 ;37 ;38 ;39 ;40 ;6210|26.1.2019;42 ;43 ;44 ;6210|26.1.2019;46 ;47 ;48 ;6210|26.1.2019
0 ;6211|29.1.2019;2 ;3 ;4 ;5 ;6 ;7 ;6211|29.1.2019;9 ;10 ;11 ;6211|29.1.2019;13 ;14 ;15 ;16 ;17 ;18 ;6211|29.1.2019;20 ;6211|29.1.2019;6211|29.1.2019;23 ;24 ;25 ;26 ;27 ;28 ;6211|29.1.2019;30 ;31 ;32 ;33 ;34 ;35 ;36 ;37 ;6211|29.1.2019;39 ;40 ;41 ;42 ;43 ;44 ;45 ;46 ;47 ;48 ;49 
0 ;6212|31.1.2019;2 ;3 ;4 ;5 ;6 ;6212|31.1.2019;8 ;9 ;10 ;11 ;12 ;13 ;14 ;15 ;6212|31.1.2019;17 ;18 ;19 ;20 ;21 ;22 ;23 ;24 ;25 ;26 ;27 ;6212|31.1.2019;29 ;30 ;6212|31.1.2019;6212|31.1.2019;33 ;34 ;35 ;6212|31.1.2019;37 ;6212|31.1.2019;39 ;40 ;41 ;42 ;43 ;44 ;45 ;46 ;47 ;48 ;49 
0 ;1 ;6213|2.2.2019;3 ;6213|2.2.2019;5 ;6 ;7 ;8 ;9 ;10 ;11 ;12 ;13 ;14 ;15 ;16 ;17 ;18 ;19 ;20 ;21 ;22 ;23 ;6213|2.2.2019;25 ;26 ;6213|2.2.2019;28 ;29 ;30 ;31 ;6213|2.2.2019;33 ;34 ;35 ;36 ;6213|2.2.2019;38 ;6213|2.2.2019;40 ;41 ;42 ;43 ;44 ;45 ;46 ;47 ;48 ;49 
0 ;1 ;6214|5.2.2019;3 ;4 ;6214|5.2.2019;6 ;7 ;8 ;9 ;10 ;6214|5.2.2019;12 ;13 ;6214|5.2.2019;15 ;16 ;17 ;18 ;19 ;20 ;21 ;22 ;23 ;24 ;25 ;26 ;27 ;28 ;29 ;30 ;31 ;32 ;33 ;34 ;35 ;36 ;6214|5.2.2019;38 ;6214|5.2.2019;40 ;41 ;42 ;43 ;44 ;45 ;46 ;6214|5.2.2019;6214|5.2.2019;49 
0 ;6215|7.2.2019;6215|7.2.2019;3 ;4 ;5 ;6 ;6215|7.2.2019;8 ;9 ;10 ;6215|7.2.2019;12 ;13 ;14 ;15 ;16 ;17 ;18 ;19 ;20 ;21 ;22 ;23 ;24 ;25 ;26 ;27 ;28 ;29 ;30 ;31 ;6215|7.2.2019;33 ;34 ;35 ;36 ;37 ;38 ;39 ;40 ;6215|7.2.2019;42 ;43 ;6215|7.2.2019;6215|7.2.2019;46 ;47 ;48 ;49 
0 ;6216|9.2.2019;6216|9.2.2019;3 ;4 ;5 ;6 ;7 ;6216|9.2.2019;6216|9.2.2019;10 ;11 ;12 ;13 ;14 ;6216|9.2.2019;16 ;6216|9.2.2019;18 ;19 ;20 ;21 ;22 ;23 ;6216|9.2.2019;25 ;26 ;27 ;28 ;29 ;30 ;31 ;32 ;33 ;34 ;35 ;36 ;37 ;38 ;39 ;40 ;41 ;42 ;43 ;44 ;45 ;6216|9.2.2019;47 ;48 ;49 
0 ;1 ;6217|12.2.2019;3 ;4 ;5 ;6 ;7 ;6217|12.2.2019;6217|12.2.2019;10 ;11 ;6217|12.2.2019;13 ;14 ;15 ;16 ;6217|12.2.2019;18 ;19 ;20 ;21 ;22 ;23 ;24 ;25 ;26 ;6217|12.2.2019;28 ;29 ;30 ;31 ;32 ;33 ;34 ;35 ;36 ;37 ;38 ;39 ;40 ;41 ;42 ;43 ;44 ;45 ;46 ;47 ;48 ;6217|12.2.2019
0 ;6218|14.2.2019;6218|14.2.2019;3 ;4 ;5 ;6 ;7 ;8 ;9 ;10 ;11 ;6218|14.2.2019;13 ;6218|14.2.2019;15 ;16 ;17 ;18 ;19 ;20 ;21 ;22 ;23 ;24 ;6218|14.2.2019;26 ;27 ;28 ;6218|14.2.2019;30 ;31 ;32 ;6218|14.2.2019;34 ;35 ;36 ;37 ;38 ;39 ;40 ;41 ;42 ;43 ;44 ;45 ;46 ;47 ;6218|14.2.2019;49 
0 ;1 ;6219|16.2.2019;3 ;6219|16.2.2019;5 ;6 ;7 ;8 ;9 ;10 ;11 ;12 ;13 ;14 ;15 ;6219|16.2.2019;6219|16.2.2019;6219|16.2.2019;19 ;20 ;21 ;22 ;23 ;24 ;25 ;26 ;27 ;28 ;6219|16.2.2019;30 ;31 ;32 ;6219|16.2.2019;34 ;35 ;36 ;37 ;38 ;39 ;40 ;41 ;6219|16.2.2019;43 ;44 ;45 ;46 ;47 ;48 ;49 
0 ;1 ;6220|19.2.2019;6220|19.2.2019;4 ;5 ;6 ;7 ;8 ;9 ;10 ;6220|19.2.2019;12 ;13 ;6220|19.2.2019;15 ;16 ;17 ;18 ;6220|19.2.2019;20 ;21 ;22 ;6220|19.2.2019;24 ;25 ;26 ;27 ;28 ;6220|19.2.2019;30 ;31 ;32 ;33 ;34 ;35 ;36 ;37 ;38 ;39 ;40 ;41 ;42 ;43 ;6220|19.2.2019;45 ;46 ;47 ;48 ;49 
0 ;1 ;6221|21.2.2019;3 ;4 ;5 ;6 ;6221|21.2.2019;6221|21.2.2019;6221|21.2.2019;10 ;11 ;12 ;13 ;14 ;15 ;6221|21.2.2019;17 ;18 ;19 ;20 ;6221|21.2.2019;22 ;23 ;24 ;25 ;26 ;27 ;28 ;29 ;30 ;31 ;32 ;33 ;34 ;35 ;36 ;37 ;38 ;39 ;40 ;41 ;42 ;43 ;44 ;45 ;46 ;47 ;6221|21.2.2019;6221|21.2.2019
0 ;1 ;6222|23.2.2019;3 ;4 ;6222|23.2.2019;6 ;7 ;8 ;9 ;10 ;11 ;6222|23.2.2019;6222|23.2.2019;14 ;15 ;6222|23.2.2019;17 ;18 ;19 ;20 ;21 ;22 ;6222|23.2.2019;24 ;25 ;26 ;6222|23.2.2019;28 ;29 ;30 ;31 ;32 ;33 ;34 ;35 ;36 ;37 ;38 ;39 ;40 ;41 ;42 ;43 ;44 ;45 ;46 ;47 ;48 ;49 
0 ;1 ;6223|26.2.2019;3 ;6223|26.2.2019;5 ;6 ;7 ;6223|26.2.2019;9 ;10 ;11 ;12 ;13 ;14 ;15 ;16 ;17 ;18 ;19 ;20 ;21 ;22 ;23 ;24 ;25 ;6223|26.2.2019;27 ;28 ;6223|26.2.2019;30 ;31 ;32 ;33 ;6223|26.2.2019;35 ;6223|26.2.2019;37 ;38 ;39 ;40 ;41 ;42 ;43 ;44 ;45 ;46 ;47 ;48 ;6223|26.2.2019
0 ;1 ;6224|28.2.2019;3 ;4 ;5 ;6224|28.2.2019;6224|28.2.2019;8 ;9 ;10 ;11 ;12 ;13 ;14 ;15 ;6224|28.2.2019;17 ;18 ;19 ;20 ;21 ;22 ;23 ;24 ;25 ;26 ;27 ;6224|28.2.2019;29 ;30 ;31 ;6224|28.2.2019;33 ;34 ;35 ;36 ;37 ;38 ;39 ;40 ;41 ;6224|28.2.2019;43 ;44 ;45 ;6224|28.2.2019;47 ;48 ;49 
0 ;1 ;6225|2.3.2019;6225|2.3.2019;4 ;5 ;6 ;7 ;8 ;9 ;10 ;11 ;12 ;13 ;14 ;15 ;6225|2.3.2019;6225|2.3.2019;18 ;19 ;6225|2.3.2019;21 ;22 ;23 ;24 ;6225|2.3.2019;26 ;27 ;28 ;29 ;30 ;31 ;32 ;33 ;34 ;35 ;6225|2.3.2019;37 ;38 ;39 ;40 ;41 ;42 ;43 ;44 ;45 ;46 ;47 ;48 ;49 
0 ;6226|5.3.2019;2 ;6226|5.3.2019;4 ;6226|5.3.2019;6 ;7 ;8 ;9 ;10 ;11 ;6226|5.3.2019;13 ;14 ;15 ;16 ;17 ;18 ;6226|5.3.2019;20 ;21 ;22 ;23 ;24 ;6226|5.3.2019;26 ;27 ;28 ;6226|5.3.2019;30 ;6226|5.3.2019;32 ;33 ;34 ;35 ;36 ;37 ;38 ;39 ;40 ;41 ;42 ;43 ;44 ;45 ;46 ;47 ;48 ;49 
0 ;6227|7.3.2019;2 ;6227|7.3.2019;4 ;5 ;6 ;6227|7.3.2019;8 ;9 ;10 ;11 ;12 ;13 ;14 ;15 ;16 ;17 ;6227|7.3.2019;6227|7.3.2019;20 ;21 ;22 ;23 ;24 ;6227|7.3.2019;26 ;27 ;28 ;29 ;30 ;6227|7.3.2019;32 ;33 ;34 ;35 ;36 ;37 ;38 ;39 ;40 ;6227|7.3.2019;42 ;43 ;44 ;45 ;46 ;47 ;48 ;49 
0 ;1 ;2 ;6228|9.3.2019;6228|9.3.2019;5 ;6228|9.3.2019;7 ;8 ;6228|9.3.2019;10 ;11 ;12 ;13 ;14 ;6228|9.3.2019;16 ;17 ;6228|9.3.2019;19 ;20 ;21 ;22 ;23 ;24 ;25 ;26 ;27 ;28 ;29 ;30 ;31 ;32 ;33 ;34 ;35 ;36 ;37 ;38 ;39 ;40 ;6228|9.3.2019;42 ;6228|9.3.2019;44 ;45 ;46 ;47 ;48 ;49 
0 ;1 ;2 ;6229|12.3.2019;4 ;5 ;6 ;7 ;8 ;9 ;10 ;6229|12.3.2019;6229|12.3.2019;13 ;14 ;15 ;16 ;6229|12.3.2019;18 ;19 ;20 ;21 ;22 ;23 ;24 ;25 ;6229|12.3.2019;27 ;28 ;29 ;30 ;31 ;32 ;33 ;6229|12.3.2019;35 ;6229|12.3.2019;37 ;38 ;39 ;40 ;41 ;42 ;43 ;44 ;45 ;46 ;47 ;48 ;49 
0 ;1 ;2 ;6230|14.3.2019;4 ;5 ;6 ;7 ;8 ;9 ;10 ;11 ;12 ;13 ;6230|14.3.2019;15 ;16 ;6230|14.3.2019;18 ;19 ;20 ;6230|14.3.2019;6230|14.3.2019;6230|14.3.2019;24 ;25 ;26 ;27 ;28 ;29 ;30 ;31 ;32 ;33 ;34 ;35 ;36 ;37 ;38 ;39 ;40 ;41 ;42 ;43 ;44 ;45 ;6230|14.3.2019;47 ;48 ;49 
0 ;1 ;2 ;6231|16.3.2019;4 ;5 ;6 ;7 ;8 ;9 ;10 ;11 ;12 ;6231|16.3.2019;14 ;15 ;6231|16.3.2019;17 ;6231|16.3.2019;19 ;20 ;21 ;22 ;23 ;6231|16.3.2019;25 ;26 ;27 ;28 ;29 ;30 ;31 ;32 ;33 ;34 ;35 ;36 ;6231|16.3.2019;6231|16.3.2019;39 ;40 ;41 ;42 ;43 ;44 ;6231|16.3.2019;46 ;47 ;48 ;49 
0 ;6232|19.3.2019;2 ;6232|19.3.2019;4 ;5 ;6232|19.3.2019;7 ;8 ;9 ;10 ;11 ;12 ;13 ;14 ;15 ;16 ;17 ;18 ;6232|19.3.2019;20 ;21 ;22 ;23 ;24 ;6232|19.3.2019;26 ;27 ;28 ;29 ;6232|19.3.2019;6232|19.3.2019;32 ;33 ;34 ;35 ;36 ;37 ;38 ;39 ;40 ;41 ;42 ;43 ;44 ;45 ;46 ;47 ;6232|19.3.2019;49 
0 ;1 ;2 ;6233|21.3.2019;4 ;5 ;6 ;7 ;8 ;9 ;10 ;11 ;12 ;13 ;14 ;15 ;6233|21.3.2019;17 ;18 ;19 ;20 ;6233|21.3.2019;22 ;23 ;24 ;25 ;26 ;6233|21.3.2019;28 ;29 ;30 ;31 ;6233|21.3.2019;33 ;34 ;35 ;36 ;6233|21.3.2019;38 ;39 ;6233|21.3.2019;6233|21.3.2019;42 ;43 ;44 ;45 ;46 ;47 ;48 ;49 
0 ;1 ;2 ;6234|23.3.2019;4 ;5 ;6 ;7 ;8 ;9 ;10 ;11 ;12 ;13 ;14 ;6234|23.3.2019;16 ;17 ;18 ;6234|23.3.2019;20 ;6234|23.3.2019;22 ;6234|23.3.2019;6234|23.3.2019;25 ;6234|23.3.2019;27 ;28 ;29 ;30 ;6234|23.3.2019;32 ;33 ;34 ;35 ;36 ;37 ;38 ;39 ;40 ;41 ;42 ;43 ;44 ;45 ;46 ;47 ;48 ;49 
0 ;1 ;2 ;6235|26.3.2019;4 ;5 ;6 ;7 ;8 ;6235|26.3.2019;10 ;11 ;12 ;13 ;6235|26.3.2019;15 ;16 ;6235|26.3.2019;18 ;19 ;20 ;21 ;22 ;23 ;6235|26.3.2019;25 ;6235|26.3.2019;27 ;28 ;29 ;30 ;31 ;32 ;33 ;34 ;35 ;36 ;37 ;38 ;39 ;40 ;41 ;42 ;43 ;44 ;45 ;6235|26.3.2019;47 ;48 ;49 
0 ;1 ;2 ;6236|28.3.2019;4 ;5 ;6 ;6236|28.3.2019;6236|28.3.2019;9 ;10 ;11 ;12 ;13 ;14 ;15 ;16 ;17 ;18 ;19 ;20 ;21 ;22 ;23 ;24 ;6236|28.3.2019;26 ;27 ;6236|28.3.2019;29 ;30 ;31 ;32 ;33 ;34 ;35 ;6236|28.3.2019;6236|28.3.2019;6236|28.3.2019;39 ;40 ;41 ;42 ;43 ;44 ;45 ;46 ;47 ;48 ;49 
0 ;1 ;2 ;6237|30.3.2019;4 ;5 ;6 ;7 ;8 ;6237|30.3.2019;10 ;11 ;12 ;13 ;14 ;15 ;16 ;17 ;18 ;19 ;20 ;21 ;22 ;23 ;24 ;25 ;26 ;6237|30.3.2019;28 ;29 ;6237|30.3.2019;6237|30.3.2019;32 ;33 ;6237|30.3.2019;35 ;36 ;6237|30.3.2019;38 ;39 ;40 ;41 ;42 ;43 ;44 ;6237|30.3.2019;46 ;47 ;48 ;49 
0 ;1 ;6238|2.4.2019;6238|2.4.2019;6238|2.4.2019;5 ;6 ;6238|2.4.2019;8 ;6238|2.4.2019;10 ;11 ;12 ;13 ;14 ;15 ;16 ;6238|2.4.2019;18 ;19 ;20 ;21 ;22 ;23 ;24 ;25 ;26 ;27 ;28 ;29 ;30 ;31 ;32 ;33 ;6238|2.4.2019;35 ;36 ;37 ;38 ;6238|2.4.2019;40 ;41 ;42 ;43 ;44 ;45 ;46 ;47 ;48 ;49 
0 ;1 ;2 ;6239|4.4.2019;6239|4.4.2019;5 ;6 ;7 ;8 ;9 ;10 ;11 ;12 ;13 ;14 ;15 ;16 ;17 ;6239|4.4.2019;19 ;20 ;21 ;6239|4.4.2019;23 ;24 ;25 ;26 ;27 ;28 ;29 ;30 ;31 ;32 ;33 ;34 ;35 ;36 ;37 ;6239|4.4.2019;39 ;40 ;41 ;42 ;43 ;6239|4.4.2019;45 ;46 ;6239|4.4.2019;48 ;49 
0 ;1 ;2 ;3 ;6240|6.4.2019;5 ;6240|6.4.2019;7 ;6240|6.4.2019;9 ;10 ;11 ;12 ;13 ;6240|6.4.2019;15 ;16 ;6240|6.4.2019;18 ;19 ;20 ;21 ;22 ;6240|6.4.2019;24 ;25 ;26 ;27 ;28 ;29 ;30 ;31 ;6240|6.4.2019;33 ;34 ;35 ;36 ;37 ;38 ;39 ;6240|6.4.2019;41 ;42 ;43 ;44 ;45 ;46 ;47 ;48 ;49 
0 ;1 ;2 ;3 ;6241|9.4.2019;5 ;6 ;7 ;8 ;6241|9.4.2019;10 ;11 ;6241|9.4.2019;13 ;14 ;15 ;16 ;6241|9.4.2019;18 ;19 ;20 ;21 ;22 ;6241|9.4.2019;24 ;25 ;26 ;27 ;28 ;29 ;30 ;31 ;32 ;33 ;6241|9.4.2019;35 ;36 ;37 ;6241|9.4.2019;39 ;40 ;41 ;42 ;43 ;44 ;45 ;46 ;47 ;48 ;6241|9.4.2019
0 ;1 ;2 ;3 ;6242|11.4.2019;5 ;6 ;7 ;8 ;9 ;10 ;6242|11.4.2019;12 ;13 ;14 ;15 ;6242|11.4.2019;17 ;18 ;6242|11.4.2019;20 ;21 ;22 ;23 ;24 ;25 ;6242|11.4.2019;27 ;28 ;29 ;30 ;31 ;32 ;33 ;6242|11.4.2019;35 ;36 ;37 ;38 ;39 ;40 ;41 ;42 ;43 ;44 ;45 ;6242|11.4.2019;6242|11.4.2019;48 ;49 
0 ;1 ;6243|13.4.2019;3 ;6243|13.4.2019;5 ;6 ;7 ;8 ;9 ;10 ;11 ;12 ;6243|13.4.2019;14 ;15 ;16 ;17 ;18 ;19 ;6243|13.4.2019;21 ;22 ;23 ;24 ;25 ;26 ;27 ;28 ;29 ;30 ;31 ;32 ;33 ;34 ;35 ;36 ;37 ;38 ;39 ;40 ;41 ;42 ;43 ;6243|13.4.2019;6243|13.4.2019;46 ;6243|13.4.2019;6243|13.4.2019;49 
0 ;6244|16.4.2019;2 ;6244|16.4.2019;6244|16.4.2019;5 ;6 ;7 ;8 ;6244|16.4.2019;10 ;11 ;12 ;13 ;14 ;15 ;6244|16.4.2019;17 ;18 ;19 ;20 ;21 ;22 ;23 ;24 ;25 ;26 ;27 ;6244|16.4.2019;29 ;30 ;31 ;32 ;33 ;34 ;35 ;6244|16.4.2019;37 ;6244|16.4.2019;39 ;40 ;41 ;42 ;43 ;44 ;45 ;46 ;47 ;48 ;49 
0 ;1 ;2 ;3 ;6245|18.4.2019;5 ;6 ;7 ;6245|18.4.2019;6245|18.4.2019;10 ;6245|18.4.2019;12 ;13 ;14 ;15 ;16 ;17 ;6245|18.4.2019;19 ;20 ;21 ;6245|18.4.2019;23 ;24 ;25 ;26 ;27 ;28 ;29 ;30 ;31 ;32 ;33 ;34 ;35 ;36 ;37 ;38 ;39 ;40 ;6245|18.4.2019;42 ;43 ;44 ;45 ;46 ;6245|18.4.2019;48 ;49 
0 ;1 ;2 ;3 ;6246|20.4.2019;6246|20.4.2019;6 ;7 ;8 ;9 ;10 ;11 ;12 ;13 ;14 ;15 ;16 ;17 ;18 ;19 ;6246|20.4.2019;21 ;22 ;23 ;24 ;25 ;6246|20.4.2019;6246|20.4.2019;28 ;29 ;30 ;31 ;32 ;33 ;34 ;6246|20.4.2019;36 ;37 ;38 ;39 ;40 ;41 ;6246|20.4.2019;43 ;44 ;45 ;46 ;47 ;6246|20.4.2019;49 
0 ;1 ;2 ;6247|23.4.2019;6247|23.4.2019;5 ;6 ;7 ;6247|23.4.2019;9 ;10 ;11 ;12 ;13 ;6247|23.4.2019;15 ;16 ;17 ;6247|23.4.2019;19 ;20 ;21 ;22 ;6247|23.4.2019;24 ;25 ;26 ;27 ;28 ;29 ;30 ;31 ;32 ;33 ;34 ;35 ;36 ;37 ;38 ;6247|23.4.2019;40 ;41 ;6247|23.4.2019;43 ;44 ;45 ;46 ;47 ;48 ;49 
0 ;1 ;2 ;3 ;6248|25.4.2019;5 ;6 ;7 ;6248|25.4.2019;9 ;10 ;11 ;12 ;13 ;14 ;15 ;16 ;17 ;18 ;6248|25.4.2019;20 ;21 ;22 ;23 ;24 ;6248|25.4.2019;26 ;27 ;6248|25.4.2019;29 ;30 ;31 ;6248|25.4.2019;33 ;34 ;35 ;36 ;37 ;38 ;6248|25.4.2019;40 ;41 ;42 ;43 ;44 ;45 ;46 ;47 ;48 ;49 
0 ;1 ;2 ;6249|27.4.2019;6249|27.4.2019;6249|27.4.2019;6 ;7 ;8 ;9 ;10 ;11 ;12 ;13 ;14 ;15 ;16 ;6249|27.4.2019;18 ;19 ;20 ;6249|27.4.2019;22 ;23 ;24 ;25 ;26 ;6249|27.4.2019;28 ;29 ;6249|27.4.2019;31 ;32 ;33 ;34 ;35 ;36 ;37 ;38 ;39 ;40 ;41 ;6249|27.4.2019;43 ;44 ;45 ;46 ;47 ;48 ;49 
0 ;1 ;2 ;3 ;6250|30.4.2019;5 ;6 ;7 ;8 ;9 ;10 ;11 ;12 ;13 ;14 ;15 ;16 ;17 ;6250|30.4.2019;19 ;6250|30.4.2019;21 ;22 ;6250|30.4.2019;24 ;25 ;26 ;27 ;28 ;29 ;6250|30.4.2019;31 ;32 ;33 ;34 ;35 ;36 ;37 ;6250|30.4.2019;6250|30.4.2019;40 ;41 ;42 ;43 ;44 ;45 ;46 ;47 ;48 ;6250|30.4.2019
0 ;1 ;6251|2.5.2019;3 ;4 ;6251|2.5.2019;6 ;6251|2.5.2019;8 ;6251|2.5.2019;10 ;6251|2.5.2019;12 ;13 ;14 ;15 ;16 ;17 ;6251|2.5.2019;19 ;20 ;21 ;22 ;23 ;24 ;25 ;26 ;27 ;28 ;6251|2.5.2019;30 ;31 ;32 ;33 ;34 ;35 ;36 ;37 ;38 ;39 ;40 ;41 ;42 ;43 ;44 ;45 ;6251|2.5.2019;47 ;48 ;49 
0 ;1 ;2 ;3 ;6252|4.5.2019;6252|4.5.2019;6252|4.5.2019;6252|4.5.2019;8 ;6252|4.5.2019;10 ;11 ;12 ;13 ;14 ;15 ;16 ;17 ;6252|4.5.2019;19 ;20 ;21 ;22 ;23 ;24 ;25 ;26 ;6252|4.5.2019;28 ;29 ;30 ;31 ;32 ;33 ;34 ;35 ;36 ;37 ;38 ;39 ;40 ;41 ;42 ;43 ;44 ;45 ;6252|4.5.2019;47 ;48 ;49 
0 ;1 ;6253|7.5.2019;3 ;4 ;6253|7.5.2019;6253|7.5.2019;6253|7.5.2019;6253|7.5.2019;9 ;10 ;11 ;12 ;13 ;14 ;15 ;6253|7.5.2019;17 ;18 ;19 ;20 ;21 ;22 ;23 ;24 ;25 ;26 ;27 ;28 ;29 ;30 ;31 ;32 ;33 ;34 ;35 ;6253|7.5.2019;37 ;38 ;39 ;40 ;41 ;42 ;43 ;44 ;45 ;46 ;47 ;6253|7.5.2019;49 
0 ;1 ;2 ;3 ;4 ;6254|9.5.2019;6 ;7 ;8 ;6254|9.5.2019;10 ;11 ;12 ;13 ;14 ;15 ;16 ;17 ;18 ;19 ;20 ;21 ;22 ;23 ;6254|9.5.2019;25 ;6254|9.5.2019;27 ;28 ;29 ;30 ;6254|9.5.2019;6254|9.5.2019;33 ;34 ;35 ;36 ;37 ;6254|9.5.2019;39 ;40 ;41 ;6254|9.5.2019;43 ;44 ;45 ;46 ;47 ;48 ;49 
0 ;1 ;2 ;3 ;6255|11.5.2019;6255|11.5.2019;6 ;7 ;6255|11.5.2019;9 ;10 ;6255|11.5.2019;12 ;13 ;14 ;15 ;16 ;17 ;18 ;19 ;6255|11.5.2019;21 ;22 ;23 ;24 ;25 ;26 ;27 ;28 ;29 ;30 ;31 ;32 ;33 ;34 ;35 ;36 ;37 ;38 ;39 ;40 ;6255|11.5.2019;42 ;43 ;6255|11.5.2019;45 ;46 ;47 ;48 ;49 
0 ;1 ;2 ;3 ;4 ;6256|14.5.2019;6 ;7 ;8 ;9 ;10 ;11 ;12 ;6256|14.5.2019;6256|14.5.2019;15 ;6256|14.5.2019;17 ;18 ;19 ;20 ;21 ;6256|14.5.2019;23 ;24 ;6256|14.5.2019;26 ;27 ;28 ;6256|14.5.2019;30 ;31 ;6256|14.5.2019;33 ;34 ;35 ;36 ;37 ;38 ;39 ;40 ;41 ;42 ;43 ;44 ;45 ;46 ;47 ;48 ;49 
0 ;1 ;2 ;3 ;4 ;6257|16.5.2019;6 ;7 ;8 ;6257|16.5.2019;10 ;11 ;12 ;13 ;14 ;6257|16.5.2019;6257|16.5.2019;17 ;18 ;19 ;20 ;21 ;22 ;23 ;24 ;25 ;6257|16.5.2019;27 ;28 ;29 ;30 ;6257|16.5.2019;32 ;33 ;34 ;35 ;36 ;37 ;38 ;39 ;40 ;41 ;42 ;43 ;44 ;45 ;46 ;6257|16.5.2019;48 ;6257|16.5.2019
0 ;6258|18.5.2019;2 ;3 ;4 ;6258|18.5.2019;6 ;7 ;8 ;9 ;10 ;11 ;12 ;13 ;14 ;15 ;6258|18.5.2019;17 ;6258|18.5.2019;19 ;6258|18.5.2019;6258|18.5.2019;22 ;23 ;24 ;25 ;26 ;27 ;28 ;29 ;30 ;31 ;32 ;33 ;34 ;35 ;36 ;37 ;38 ;39 ;40 ;41 ;42 ;43 ;44 ;6258|18.5.2019;6258|18.5.2019;47 ;48 ;49 
0 ;1 ;2 ;3 ;6259|21.5.2019;6259|21.5.2019;6 ;7 ;6259|21.5.2019;9 ;10 ;11 ;12 ;13 ;14 ;15 ;16 ;17 ;6259|21.5.2019;19 ;20 ;6259|21.5.2019;22 ;23 ;6259|21.5.2019;25 ;26 ;27 ;28 ;6259|21.5.2019;30 ;31 ;6259|21.5.2019;33 ;34 ;35 ;36 ;37 ;38 ;39 ;40 ;41 ;42 ;43 ;44 ;45 ;46 ;47 ;48 ;49 
