Numer;Dzien;Miesiac;Rok;L1;L2;L3;L4;L5;L6
5214;15;9;2012;5;49;43;37;39;4
5215;18;9;2012;43;40;41;47;24;36
5216;20;9;2012;40;23;20;15;17;9
5217;22;9;2012;37;32;11;22;13;28
5218;25;9;2012;9;24;44;47;14;4
5219;27;9;2012;18;7;31;27;24;40
5220;29;9;2012;27;39;38;11;5;45
5221;2;10;2012;28;1;38;23;12;35
5222;4;10;2012;1;13;16;24;10;26
5223;6;10;2012;38;8;31;15;11;4
5224;9;10;2012;5;3;17;34;16;2
5225;11;10;2012;29;47;37;30;23;20
5226;13;10;2012;32;13;36;3;14;8
5227;16;10;2012;18;34;31;27;40;16
5228;18;10;2012;44;8;35;34;2;17
5229;20;10;2012;6;1;38;11;20;3
5230;23;10;2012;7;29;17;30;45;41
5231;25;10;2012;44;18;36;4;49;40
5232;27;10;2012;28;30;36;23;27;29
5233;30;10;2012;15;14;1;40;19;41
5234;1;11;2012;34;23;35;10;36;43
5235;3;11;2012;27;39;6;23;21;44
5236;6;11;2012;20;27;30;28;7;16
5237;8;11;2012;24;41;32;44;18;45
5238;10;11;2012;16;41;20;34;30;9
5239;13;11;2012;1;33;49;45;11;21
5240;15;11;2012;8;12;35;22;28;10
5241;17;11;2012;25;6;12;29;43;2
5242;20;11;2012;37;3;2;45;35;22
5243;22;11;2012;27;9;46;12;48;22
5244;24;11;2012;15;1;12;30;44;41
5245;27;11;2012;12;33;10;42;8;47
5246;29;11;2012;40;43;12;28;19;20
5247;1;12;2012;27;42;2;33;10;47
5248;4;12;2012;41;40;36;39;48;25
5249;6;12;2012;7;12;19;29;37;30
5250;8;12;2012;35;24;9;49;40;46
5251;11;12;2012;27;26;3;12;38;25
5252;13;12;2012;33;7;23;28;32;22
5253;15;12;2012;48;32;9;37;18;40
5254;18;12;2012;40;3;14;43;29;6
5255;20;12;2012;21;49;20;27;43;31
5256;22;12;2012;29;7;20;11;42;47
5257;25;12;2012;10;38;23;21;11;44
5258;27;12;2012;19;1;18;44;43;40
5259;29;12;2012;31;42;26;43;24;45
5260;1;1;2013;47;27;33;4;34;15
5261;3;1;2013;9;19;10;7;37;38
5262;5;1;2013;38;2;19;1;30;43
5263;8;1;2013;22;44;36;34;31;18
5264;10;1;2013;40;17;43;15;35;24
5265;12;1;2013;1;20;12;17;16;10
5266;15;1;2013;7;49;36;2;11;38
5267;17;1;2013;29;33;30;47;35;7
5268;19;1;2013;29;22;41;17;25;15
5269;22;1;2013;1;46;33;42;44;28
5270;24;1;2013;39;4;8;49;29;35
5271;26;1;2013;23;29;19;43;7;21
5272;29;1;2013;21;23;20;10;34;11
5273;31;1;2013;10;25;45;17;40;26
5274;2;2;2013;17;13;49;23;40;29
5275;5;2;2013;8;4;30;38;24;40
5276;7;2;2013;6;9;35;1;23;14
5277;9;2;2013;39;2;25;43;8;48
5278;12;2;2013;4;14;28;40;34;38
5279;14;2;2013;12;3;30;5;24;22
5280;16;2;2013;21;15;27;35;17;32
5281;19;2;2013;41;18;25;20;32;19
5282;21;2;2013;47;4;3;14;42;39
5283;23;2;2013;16;8;20;19;41;43
5284;26;2;2013;16;43;45;23;40;14
5285;28;2;2013;2;11;21;29;36;49
5286;2;3;2013;10;18;31;14;30;17
5287;5;3;2013;48;34;45;15;3;6
5288;7;3;2013;29;41;30;33;34;12
5289;9;3;2013;33;2;23;3;48;36
5290;12;3;2013;46;43;3;36;37;47
5291;14;3;2013;35;8;10;15;41;19
5292;16;3;2013;24;4;12;29;8;25
5293;19;3;2013;29;33;38;16;1;48
5294;21;3;2013;32;41;28;20;4;25
5295;23;3;2013;28;21;36;26;7;11
5296;26;3;2013;48;3;39;21;15;40
5297;28;3;2013;22;21;12;47;9;6
5298;30;3;2013;20;23;9;47;24;16
5299;2;4;2013;46;26;27;24;48;22
5300;4;4;2013;18;47;22;34;7;38
5301;6;4;2013;10;12;46;41;29;35
5302;9;4;2013;33;35;10;15;47;45
5303;11;4;2013;24;23;22;36;21;38
5304;13;4;2013;40;11;41;6;21;35
5305;16;4;2013;17;37;41;29;6;9
5306;18;4;2013;11;6;38;21;34;41
5307;20;4;2013;36;9;29;6;5;34
5308;23;4;2013;44;18;2;21;9;27
5309;25;4;2013;19;15;17;28;46;22
5310;27;4;2013;35;2;28;5;6;16
5311;30;4;2013;43;26;25;30;37;31
5312;2;5;2013;34;27;45;6;35;48
5313;4;5;2013;33;6;31;7;29;11
5314;7;5;2013;20;7;40;39;27;8
5315;9;5;2013;29;20;16;44;36;2
5316;11;5;2013;33;23;48;1;46;32
5317;14;5;2013;23;2;21;8;12;11
5318;16;5;2013;44;4;35;41;13;16
5319;18;5;2013;22;1;16;35;36;4
5320;21;5;2013;14;2;37;1;38;9
5321;23;5;2013;1;41;8;32;13;21
5322;25;5;2013;17;1;49;9;39;36
5323;28;5;2013;6;45;14;41;23;47
5324;30;5;2013;20;1;12;7;41;47
5325;1;6;2013;32;31;40;11;22;12
5326;4;6;2013;20;1;4;12;34;22
5327;6;6;2013;9;37;21;34;31;2
5328;8;6;2013;34;19;3;22;16;40
5329;11;6;2013;14;22;4;3;34;18
5330;13;6;2013;47;16;42;24;2;49
5331;15;6;2013;36;17;33;6;19;3
5332;18;6;2013;33;35;45;17;8;36
5333;20;6;2013;2;41;5;38;4;24
5334;22;6;2013;25;26;2;24;42;27
5335;25;6;2013;42;31;9;23;33;1
5336;27;6;2013;8;20;23;44;6;22
5337;29;6;2013;43;42;9;12;18;5
5338;2;7;2013;23;6;46;41;24;1
5339;4;7;2013;39;40;38;12;32;36
5340;6;7;2013;39;2;10;25;47;33
5341;9;7;2013;37;42;16;12;9;28
5342;11;7;2013;18;3;30;44;10;36
5343;13;7;2013;30;15;48;35;27;43
5344;16;7;2013;6;17;14;12;34;10
5345;18;7;2013;29;31;14;43;44;11
5346;20;7;2013;47;1;8;7;45;22
5347;23;7;2013;21;14;26;6;22;3
5348;25;7;2013;11;37;35;18;45;16
5349;27;7;2013;27;13;49;23;26;41
5350;30;7;2013;3;9;33;21;43;11
5351;1;8;2013;32;36;47;20;23;15
5352;3;8;2013;20;33;18;31;48;3
5353;6;8;2013;47;27;38;37;49;19
5354;8;8;2013;46;11;3;34;35;29
5355;10;8;2013;21;44;40;32;34;30
5356;13;8;2013;44;30;47;42;20;40
5357;15;8;2013;29;23;20;25;5;33
5358;17;8;2013;40;2;19;25;42;17
5359;20;8;2013;4;11;9;3;15;14
5360;22;8;2013;9;49;4;44;25;17
5361;24;8;2013;47;33;39;29;32;21
5362;27;8;2013;34;3;12;32;20;24
5363;29;8;2013;18;38;9;22;36;15
5364;31;8;2013;16;34;35;32;42;41
5365;3;9;2013;20;15;25;41;48;10
5366;5;9;2013;44;6;33;28;4;23
5367;7;9;2013;16;40;44;38;3;32
5368;10;9;2013;37;23;27;2;32;28
5369;12;9;2013;45;23;39;28;7;11
5370;14;9;2013;48;27;12;4;32;45
5371;17;9;2013;39;38;24;1;41;16
5372;19;9;2013;17;36;32;28;16;48
5373;21;9;2013;27;6;29;39;3;38
5374;24;9;2013;45;12;40;31;25;30
5375;26;9;2013;39;9;45;22;17;15
5376;28;9;2013;31;15;30;17;32;37
5377;1;10;2013;48;8;15;24;16;26
5378;3;10;2013;18;4;11;21;17;22
5379;5;10;2013;19;26;8;2;32;17
5380;8;10;2013;22;25;39;32;34;16
5381;10;10;2013;45;48;9;23;49;4
5382;12;10;2013;32;19;33;26;27;13
5383;15;10;2013;1;12;46;13;45;24
5384;17;10;2013;36;4;22;27;12;47
5385;19;10;2013;39;13;41;10;31;5
5386;22;10;2013;40;48;34;35;37;7
5387;24;10;2013;29;38;44;8;27;12
5388;26;10;2013;3;15;27;29;35;41
5389;29;10;2013;14;21;30;49;25;3
5390;31;10;2013;1;38;34;19;25;47
5391;2;11;2013;15;48;32;10;20;43
5392;5;11;2013;23;17;25;37;19;28
5393;7;11;2013;27;16;48;37;20;35
5394;9;11;2013;35;4;6;29;30;34
5395;12;11;2013;13;6;33;16;14;17
5396;14;11;2013;39;41;5;19;4;28
5397;16;11;2013;13;18;20;12;6;47
5398;19;11;2013;45;18;36;41;34;14
5399;21;11;2013;16;41;39;38;46;11
5400;23;11;2013;20;28;39;18;33;10
5401;26;11;2013;37;41;38;15;1;42
5402;28;11;2013;19;37;29;32;5;36
5403;30;11;2013;25;35;36;19;20;11
5404;3;12;2013;27;44;15;34;4;43
5405;5;12;2013;27;11;20;8;47;40
5406;7;12;2013;5;43;36;18;24;47
5407;10;12;2013;48;12;35;16;44;45
5408;12;12;2013;21;10;28;41;19;31
5409;14;12;2013;39;46;10;29;30;26
5410;17;12;2013;11;5;3;41;40;10
5411;19;12;2013;2;9;10;19;35;11
5412;21;12;2013;39;20;2;38;22;36
5413;24;12;2013;12;19;43;46;39;4
5414;26;12;2013;9;27;46;8;1;42
5415;28;12;2013;45;9;42;37;8;22
5416;31;12;2013;41;8;43;37;25;34
5417;2;1;2014;1;41;14;25;29;16
5418;4;1;2014;38;20;32;41;8;23
5419;7;1;2014;41;30;45;24;11;43
5420;9;1;2014;30;48;45;4;11;41
5421;11;1;2014;21;5;20;47;33;31
5422;14;1;2014;31;22;2;13;19;38
5423;16;1;2014;26;25;27;16;49;11
5424;18;1;2014;33;16;15;24;41;39
5425;21;1;2014;11;29;19;14;2;16
5426;23;1;2014;48;22;24;33;37;18
5427;25;1;2014;25;14;32;47;4;45
5428;28;1;2014;40;38;37;4;44;17
5429;30;1;2014;49;21;45;31;34;46
5430;1;2;2014;1;42;7;14;19;44
5431;4;2;2014;14;3;29;10;4;2
5432;6;2;2014;27;17;35;45;12;41
5433;8;2;2014;6;42;15;47;37;26
5434;11;2;2014;48;39;20;41;34;16
5435;13;2;2014;16;49;13;10;33;44
5436;15;2;2014;13;23;48;28;10;11
5437;18;2;2014;26;37;45;20;1;13
5438;20;2;2014;48;11;29;22;20;2
5439;22;2;2014;38;23;30;37;42;40
5440;25;2;2014;18;10;17;8;26;3
5441;27;2;2014;16;21;17;45;47;34
5442;1;3;2014;18;34;30;31;23;12
5443;4;3;2014;26;2;1;13;17;40
5444;6;3;2014;35;20;26;4;34;37
5445;8;3;2014;4;46;38;47;10;36
5446;11;3;2014;13;8;39;34;6;1
5447;13;3;2014;12;24;48;44;9;37
5448;15;3;2014;40;22;39;15;4;25
5449;18;3;2014;29;49;33;10;17;6
5450;20;3;2014;42;34;38;22;49;39
5451;22;3;2014;29;34;3;49;32;48
5452;25;3;2014;36;38;39;40;23;32
5453;27;3;2014;32;29;33;40;18;41
5454;29;3;2014;6;33;15;3;12;29
5455;1;4;2014;37;38;44;1;16;41
5456;3;4;2014;4;35;18;9;40;11
5457;5;4;2014;44;8;39;40;41;33
5458;8;4;2014;4;8;47;46;22;36
5459;10;4;2014;22;40;36;49;43;4
5460;12;4;2014;14;2;36;41;28;3
5461;15;4;2014;38;1;22;27;33;34
5462;17;4;2014;9;44;30;27;19;38
5463;19;4;2014;2;10;8;24;47;34
5464;22;4;2014;8;3;30;19;37;34
5465;24;4;2014;46;41;26;32;44;30
5466;26;4;2014;6;37;14;40;44;8
5467;29;4;2014;25;20;19;15;39;33
5468;1;5;2014;16;10;23;12;40;38
5469;3;5;2014;16;31;21;30;32;23
5470;6;5;2014;6;19;35;13;16;33
5471;8;5;2014;3;26;12;24;2;21
5472;10;5;2014;46;35;30;25;20;8
5473;13;5;2014;26;20;37;45;4;43
5474;15;5;2014;15;23;44;43;3;47
5475;17;5;2014;33;15;13;30;36;21
5476;20;5;2014;47;48;42;24;44;26
5477;22;5;2014;8;33;43;29;47;12
5478;24;5;2014;37;28;48;2;43;13
5479;27;5;2014;22;33;39;47;23;27
5480;29;5;2014;21;16;43;32;2;39
5481;31;5;2014;13;29;6;11;44;40
5482;3;6;2014;48;46;19;38;6;8
5483;5;6;2014;18;39;24;48;43;9
5484;7;6;2014;44;4;35;49;24;1
5485;10;6;2014;48;43;37;2;32;35
5486;12;6;2014;28;40;48;17;2;4
5487;14;6;2014;27;6;15;44;10;5
5488;17;6;2014;31;13;42;10;33;3
5489;19;6;2014;11;29;22;47;13;35
5490;21;6;2014;25;42;36;14;33;48
5491;24;6;2014;14;42;23;26;21;27
5492;26;6;2014;37;12;35;21;19;6
5493;28;6;2014;16;42;5;47;17;40
5494;1;7;2014;27;28;45;4;39;18
5495;3;7;2014;37;23;22;30;31;46
5496;5;7;2014;30;9;8;29;42;40
5497;8;7;2014;16;49;21;46;40;2
5498;10;7;2014;7;24;26;1;31;13
5499;12;7;2014;5;26;38;18;44;42
5500;15;7;2014;44;48;19;28;15;34
5501;17;7;2014;21;17;14;33;25;44
5502;19;7;2014;36;31;33;18;48;49
5503;22;7;2014;29;25;30;47;46;4
5504;24;7;2014;11;12;45;9;40;43
5505;26;7;2014;22;39;19;8;30;44
5506;29;7;2014;38;34;2;32;16;24
5507;31;7;2014;42;5;30;40;24;11
5508;2;8;2014;43;25;20;6;45;18
5509;5;8;2014;8;16;42;17;3;24
5510;7;8;2014;41;21;43;14;30;48
5511;9;8;2014;34;30;21;4;16;39
5512;12;8;2014;34;33;1;27;9;25
5513;14;8;2014;46;10;5;6;3;27
5514;16;8;2014;8;49;41;16;13;12
5515;19;8;2014;45;14;44;6;26;47
5516;21;8;2014;42;6;15;33;28;32
5517;23;8;2014;37;14;6;7;19;39
5518;26;8;2014;1;13;47;14;6;20
5519;28;8;2014;32;46;4;30;13;29
5520;30;8;2014;17;29;45;8;27;9
5521;2;9;2014;29;11;14;12;34;49
5522;4;9;2014;9;23;28;32;7;4
5523;6;9;2014;34;47;17;8;22;38
5524;9;9;2014;1;38;23;8;40;46
5525;11;9;2014;40;33;30;1;20;8
5526;13;9;2014;12;43;47;32;19;29
5527;16;9;2014;46;25;29;21;17;5
5528;18;9;2014;6;11;49;44;1;16
5529;20;9;2014;41;11;2;45;15;47
5530;23;9;2014;27;43;39;4;23;22
5531;25;9;2014;30;8;10;12;48;27
5532;27;9;2014;8;12;6;24;26;46
5533;30;9;2014;42;47;8;25;39;49
5534;2;10;2014;8;31;47;1;9;25
5535;4;10;2014;5;21;8;19;25;2
5536;7;10;2014;32;9;49;22;12;3
5537;9;10;2014;39;23;8;26;25;21
5538;11;10;2014;21;46;28;4;5;22
5539;14;10;2014;14;34;5;4;8;16
5540;16;10;2014;21;18;29;3;8;49
5541;18;10;2014;23;38;36;46;40;10
5542;21;10;2014;36;11;10;29;42;22
5543;23;10;2014;8;29;28;14;32;38
5544;25;10;2014;8;7;19;36;22;12
5545;28;10;2014;46;27;10;5;20;39
5546;30;10;2014;40;22;10;16;15;46
5547;1;11;2014;48;17;9;39;22;24
5548;4;11;2014;22;16;43;18;30;33
5549;6;11;2014;39;35;17;18;26;2
5550;8;11;2014;37;46;23;39;13;8
5551;11;11;2014;44;39;19;17;23;7
5552;13;11;2014;19;5;11;17;21;10
5553;15;11;2014;5;26;7;34;13;48
5554;18;11;2014;30;35;18;48;47;17
5555;20;11;2014;27;44;19;17;8;13
5556;22;11;2014;2;16;30;24;48;27
5557;25;11;2014;20;9;48;45;12;40
5558;27;11;2014;13;43;36;42;21;26
5559;29;11;2014;23;34;31;32;2;8
5560;2;12;2014;34;18;17;15;1;3
5561;4;12;2014;13;3;31;1;29;49
5562;6;12;2014;25;36;29;19;38;12
5563;9;12;2014;39;31;2;19;7;38
5564;11;12;2014;24;14;38;28;31;29
5565;13;12;2014;43;27;25;4;32;29
5566;16;12;2014;13;32;46;36;47;27
5567;18;12;2014;43;8;48;19;32;46
5568;20;12;2014;39;32;36;16;47;33
5569;23;12;2014;25;5;39;20;28;40
5570;25;12;2014;25;22;1;46;42;6
5571;27;12;2014;4;8;49;48;28;30
5572;30;12;2014;7;9;29;41;36;32
5573;1;1;2015;10;16;37;36;42;40
5574;3;1;2015;8;45;37;29;17;2
5575;6;1;2015;3;36;18;31;40;17
5576;8;1;2015;8;12;6;26;23;33
5577;10;1;2015;13;28;40;15;26;42
5578;13;1;2015;12;19;21;33;8;35
5579;15;1;2015;24;8;21;2;11;22
5580;17;1;2015;11;23;35;20;8;42
5581;20;1;2015;44;2;30;14;15;5
5582;22;1;2015;16;18;44;34;43;24
5583;24;1;2015;22;48;36;9;11;16
5584;27;1;2015;21;2;26;1;34;17
5585;29;1;2015;43;6;15;32;25;23
5586;31;1;2015;25;39;5;48;26;6
5587;3;2;2015;28;21;40;37;1;18
5588;5;2;2015;5;3;49;9;43;4
5589;7;2;2015;14;30;46;39;36;11
5590;10;2;2015;7;25;6;30;22;9
5591;12;2;2015;17;25;24;14;9;30
5592;14;2;2015;33;39;43;22;14;3
5593;17;2;2015;14;46;4;12;39;17
5594;19;2;2015;22;42;34;8;11;46
5595;21;2;2015;31;26;28;34;39;9
5596;24;2;2015;14;44;18;37;41;13
5597;26;2;2015;12;40;15;34;42;18
5598;28;2;2015;16;31;28;1;11;32
5599;3;3;2015;32;33;42;11;27;40
5600;5;3;2015;7;21;1;8;42;47
5601;7;3;2015;47;2;12;32;46;34
5602;10;3;2015;5;20;28;35;10;47
5603;12;3;2015;11;20;5;15;12;23
5604;14;3;2015;7;20;40;29;31;16
5605;17;3;2015;5;13;43;15;38;1
5606;19;3;2015;14;48;18;29;49;26
5607;21;3;2015;2;12;10;39;45;29
5608;24;3;2015;48;29;15;24;19;26
5609;26;3;2015;3;33;7;16;31;21
5610;28;3;2015;23;37;45;6;29;38
5611;31;3;2015;19;43;44;35;40;31
5612;2;4;2015;10;19;20;44;36;3
5613;4;4;2015;17;47;7;13;34;20
5614;7;4;2015;39;38;43;6;31;16
5615;9;4;2015;10;8;39;16;48;4
5616;11;4;2015;9;47;2;32;41;44
5617;14;4;2015;26;27;8;16;33;7
5618;16;4;2015;3;36;28;41;20;40
5619;18;4;2015;5;1;17;44;29;13
5620;21;4;2015;28;13;5;27;17;42
5621;23;4;2015;6;29;4;3;21;17
5622;25;4;2015;45;6;4;46;10;24
5623;28;4;2015;17;16;33;29;39;6
5624;30;4;2015;41;10;19;1;25;26
5625;2;5;2015;25;8;12;10;21;36
5626;5;5;2015;43;47;3;17;9;46
5627;7;5;2015;17;43;9;2;40;41
5628;9;5;2015;37;18;12;35;39;21
5629;12;5;2015;3;48;5;39;41;4
5630;14;5;2015;16;39;44;35;18;4
5631;16;5;2015;38;23;27;1;18;49
5632;19;5;2015;23;16;49;31;19;6
5633;21;5;2015;38;11;35;20;3;18
5634;23;5;2015;17;6;16;4;19;30
5635;26;5;2015;13;17;4;18;40;38
5636;28;5;2015;6;20;48;22;8;9
5637;30;5;2015;15;10;24;21;41;16
5638;2;6;2015;18;44;24;13;38;6
5639;4;6;2015;26;38;1;16;2;27
5640;6;6;2015;46;14;32;47;3;6
5641;9;6;2015;27;11;38;36;13;2
5642;11;6;2015;35;32;11;30;26;20
5643;13;6;2015;16;49;46;6;24;4
5644;16;6;2015;32;34;24;29;18;44
5645;18;6;2015;14;29;38;21;28;25
5646;20;6;2015;23;15;13;9;30;39
5647;23;6;2015;20;27;37;34;1;9
5648;25;6;2015;25;14;8;46;37;24
5649;27;6;2015;38;19;18;5;28;46
5650;30;6;2015;37;5;21;36;25;28
5651;2;7;2015;10;1;48;45;44;28
5652;4;7;2015;35;18;15;46;14;8
5653;7;7;2015;10;7;18;43;44;5
5654;9;7;2015;26;35;49;48;21;16
5655;11;7;2015;40;37;34;42;10;17
5656;14;7;2015;19;31;7;34;48;40
5657;16;7;2015;18;35;23;42;10;43
5658;18;7;2015;13;8;21;3;27;49
5659;21;7;2015;8;15;4;35;2;9
5660;23;7;2015;17;31;1;4;41;15
5661;25;7;2015;47;28;42;31;49;43
5662;28;7;2015;35;40;44;20;12;2
5663;30;7;2015;33;31;36;30;45;11
5664;1;8;2015;12;29;18;4;47;1
5665;4;8;2015;30;16;34;39;10;43
5666;6;8;2015;44;41;45;3;35;49
5667;8;8;2015;38;41;46;18;2;49
5668;11;8;2015;6;9;31;28;32;49
5669;13;8;2015;42;26;10;32;15;22
5670;15;8;2015;28;42;10;11;39;15
5671;18;8;2015;9;4;1;48;19;49
5672;20;8;2015;20;28;8;41;5;25
5673;22;8;2015;19;2;15;33;35;41
5674;25;8;2015;34;1;33;9;47;46
5675;27;8;2015;30;44;8;39;33;32
5676;29;8;2015;22;41;49;29;43;8
5677;1;9;2015;10;18;28;49;9;40
5678;3;9;2015;34;36;1;37;2;22
5679;5;9;2015;30;32;6;24;23;49
5680;8;9;2015;49;37;39;5;32;8
5681;10;9;2015;7;40;14;22;11;44
5682;12;9;2015;27;16;32;47;25;45
5683;15;9;2015;20;36;1;33;49;42
5684;17;9;2015;2;23;8;18;5;42
5685;19;9;2015;19;1;44;26;36;18
5686;22;9;2015;40;26;39;23;20;28
5687;24;9;2015;14;12;9;30;11;18
5688;26;9;2015;30;28;40;47;9;26
5689;29;9;2015;15;6;11;20;29;22
5690;1;10;2015;27;21;49;24;4;44
5691;3;10;2015;24;38;2;39;11;10
5692;6;10;2015;40;37;43;3;18;29
5693;8;10;2015;7;34;40;45;42;13
5694;10;10;2015;33;32;47;23;13;8
5695;13;10;2015;47;48;6;18;9;49
5696;15;10;2015;8;44;11;5;12;38
5697;17;10;2015;42;15;8;10;37;17
5698;20;10;2015;19;45;16;49;7;3
5699;22;10;2015;17;2;29;13;11;33
5700;24;10;2015;27;36;39;49;33;8
5701;27;10;2015;26;32;21;6;35;45
5702;29;10;2015;5;11;30;45;37;14
5703;31;10;2015;9;13;49;48;15;26
5704;3;11;2015;37;48;12;36;41;35
5705;5;11;2015;8;5;3;17;15;35
5706;7;11;2015;10;38;45;14;2;15
5707;10;11;2015;6;31;48;34;14;19
5708;12;11;2015;8;20;11;32;15;22
5709;14;11;2015;4;12;43;6;26;35
5710;17;11;2015;34;17;30;24;13;33
5711;19;11;2015;9;5;44;10;41;43
5712;21;11;2015;47;36;7;3;39;26
5713;24;11;2015;36;5;21;6;16;31
5714;26;11;2015;16;5;32;47;18;41
5715;28;11;2015;2;39;29;46;23;38
5716;1;12;2015;25;23;44;31;30;40
5717;3;12;2015;32;1;14;21;23;11
5718;5;12;2015;40;12;32;11;26;2
5719;8;12;2015;40;27;41;17;28;46
5720;10;12;2015;29;6;22;46;21;40
5721;12;12;2015;24;18;6;12;14;4
5722;15;12;2015;42;16;10;11;44;22
5723;17;12;2015;29;1;33;10;13;7
5724;19;12;2015;10;44;35;11;45;32
5725;22;12;2015;26;31;14;44;17;3
5726;24;12;2015;17;49;29;22;25;19
5727;26;12;2015;22;30;28;33;24;8
5728;29;12;2015;26;22;44;25;37;16
5729;31;12;2015;6;48;1;20;33;41
5730;2;1;2016;36;23;45;16;37;29
5731;5;1;2016;14;20;27;4;35;26
5732;7;1;2016;9;11;5;16;45;49
5733;9;1;2016;25;30;4;16;23;1
5734;12;1;2016;18;27;7;47;29;49
5735;14;1;2016;25;24;33;15;12;13
5736;16;1;2016;21;46;29;20;40;48
5737;19;1;2016;3;17;31;32;28;34
5738;21;1;2016;37;25;46;41;34;17
5739;23;1;2016;42;20;31;13;45;14
5740;26;1;2016;28;11;34;23;20;29
5741;28;1;2016;18;17;25;26;16;21
5742;30;1;2016;8;43;46;15;45;28
5743;2;2;2016;4;17;14;44;25;29
5744;4;2;2016;41;13;40;7;34;20
5745;6;2;2016;15;46;3;27;32;22
5746;9;2;2016;48;35;7;23;21;30
5747;11;2;2016;17;18;31;32;12;38
5748;13;2;2016;42;29;24;33;20;18
5749;16;2;2016;32;21;41;18;30;23
5750;18;2;2016;1;15;26;18;8;23
5751;20;2;2016;47;24;35;29;17;37
5752;23;2;2016;30;24;34;14;35;44
5753;25;2;2016;17;24;11;43;32;45
5754;27;2;2016;26;46;17;22;42;13
5755;1;3;2016;5;28;46;44;9;10
5756;3;3;2016;28;43;24;31;30;49
5757;5;3;2016;35;28;26;43;27;16
5758;8;3;2016;41;13;14;18;20;5
5759;10;3;2016;14;28;30;6;47;16
5760;12;3;2016;23;39;2;12;42;32
5761;15;3;2016;6;49;29;47;22;48
5762;17;3;2016;35;26;22;44;31;7
5763;19;3;2016;48;7;21;39;34;15
5764;22;3;2016;27;5;10;44;21;41
5765;24;3;2016;38;26;35;43;5;22
5766;26;3;2016;5;22;26;45;47;14
5767;29;3;2016;12;21;10;30;8;11
5768;31;3;2016;10;25;8;1;14;34
5769;2;4;2016;11;30;20;16;37;19
5770;5;4;2016;43;32;38;48;49;21
5771;7;4;2016;34;20;41;11;5;24
5772;9;4;2016;37;21;2;47;26;38
5773;12;4;2016;34;26;12;30;14;45
5774;14;4;2016;37;21;12;33;28;44
5775;16;4;2016;44;21;13;32;1;43
5776;19;4;2016;25;41;10;33;2;26
5777;21;4;2016;8;38;31;1;2;26
5778;23;4;2016;18;39;22;14;8;9
5779;26;4;2016;10;25;39;37;32;27
5780;28;4;2016;20;13;27;41;38;23
5781;30;4;2016;43;23;12;24;3;10
5782;3;5;2016;49;18;29;47;46;41
5783;5;5;2016;27;24;12;31;15;43
5784;7;5;2016;15;11;49;12;37;28
5785;10;5;2016;44;36;25;29;9;8
5786;12;5;2016;1;39;47;22;19;44
5787;14;5;2016;41;37;38;45;47;26
5788;17;5;2016;46;35;37;8;28;11
5789;19;5;2016;18;30;12;39;6;34
5790;21;5;2016;38;40;8;41;31;42
5791;24;5;2016;22;12;18;19;1;35
5792;26;5;2016;23;6;29;44;14;43
5793;28;5;2016;41;5;23;46;35;11
5794;31;5;2016;26;36;29;7;39;18
5795;2;6;2016;36;17;35;39;30;7
5796;4;6;2016;19;33;46;5;24;38
5797;7;6;2016;22;43;44;7;10;12
5798;9;6;2016;14;22;31;17;40;19
5799;11;6;2016;32;11;40;28;27;24
5800;14;6;2016;17;9;47;28;6;39
5801;16;6;2016;43;11;27;32;6;48
5802;18;6;2016;6;47;48;29;24;44
5803;21;6;2016;8;28;45;16;30;23
5804;23;6;2016;13;23;17;24;31;33
5805;25;6;2016;24;27;29;22;15;34
5806;28;6;2016;9;25;47;4;13;3
5807;30;6;2016;20;5;12;27;43;14
5808;2;7;2016;1;36;26;44;6;4
5809;5;7;2016;1;9;18;23;49;36
5810;7;7;2016;48;45;25;13;38;4
5811;9;7;2016;4;19;16;34;39;3
5812;12;7;2016;2;17;3;26;7;44
5813;14;7;2016;29;37;6;2;15;21
5814;16;7;2016;48;22;16;49;41;45
5815;19;7;2016;31;3;38;25;30;2
5816;21;7;2016;8;25;10;7;16;22
5817;23;7;2016;10;30;26;49;48;2
5818;26;7;2016;2;31;24;12;47;28
5819;28;7;2016;29;7;46;21;24;16
5820;30;7;2016;33;47;46;26;19;38
5821;2;8;2016;44;18;49;4;6;5
5822;4;8;2016;35;8;45;12;16;26
5823;6;8;2016;36;9;15;28;4;39
5824;9;8;2016;44;13;16;8;27;19
5825;11;8;2016;3;25;22;45;18;30
5826;13;8;2016;14;24;37;12;19;47
5827;16;8;2016;41;20;40;14;23;32
5828;18;8;2016;46;24;41;47;49;21
5829;20;8;2016;11;27;22;21;42;19
5830;23;8;2016;40;38;16;11;9;28
5831;25;8;2016;20;40;49;5;15;25
5832;27;8;2016;15;16;41;39;2;28
5833;30;8;2016;42;16;7;9;23;27
5834;1;9;2016;18;47;21;42;28;48
5835;3;9;2016;10;2;32;5;23;31
5836;6;9;2016;17;49;44;31;48;22
5837;8;9;2016;49;28;21;4;16;19
5838;10;9;2016;3;43;15;38;47;17
5839;13;9;2016;33;35;15;17;26;40
5840;15;9;2016;22;11;41;26;10;15
5841;17;9;2016;47;35;12;1;37;11
5842;20;9;2016;40;36;48;43;8;20
5843;22;9;2016;10;38;6;26;25;27
5844;24;9;2016;15;23;33;9;2;46
5845;27;9;2016;19;6;38;34;33;23
5846;29;9;2016;41;36;4;28;26;7
5847;1;10;2016;5;25;8;26;9;43
5848;4;10;2016;5;4;28;27;8;1
5849;6;10;2016;24;49;34;39;41;10
5850;8;10;2016;29;20;48;8;33;25
5851;11;10;2016;19;30;31;38;16;7
5852;13;10;2016;36;27;47;12;20;4
5853;15;10;2016;3;21;26;46;24;29
5854;18;10;2016;18;27;14;11;33;34
5855;20;10;2016;36;34;49;25;39;31
5856;22;10;2016;28;31;12;23;34;13
5857;25;10;2016;47;22;33;43;6;30
5858;27;10;2016;12;8;28;35;43;15
5859;29;10;2016;39;15;31;4;21;42
5860;1;11;2016;48;33;40;37;9;8
5861;3;11;2016;29;22;18;39;24;34
5862;5;11;2016;28;1;14;40;45;15
5863;8;11;2016;35;13;40;43;15;18
5864;10;11;2016;30;10;29;16;46;4
5865;12;11;2016;7;20;16;32;45;40
5866;15;11;2016;6;20;10;43;29;4
5867;17;11;2016;7;20;11;1;43;45
5868;19;11;2016;16;38;8;41;40;10
5869;22;11;2016;10;42;43;31;37;49
5870;24;11;2016;7;35;20;26;38;36
5871;26;11;2016;10;23;3;13;2;44
5872;29;11;2016;20;37;26;24;23;40
5873;1;12;2016;33;36;30;8;12;47
5874;3;12;2016;41;19;48;25;49;46
5875;6;12;2016;44;15;6;42;30;46
5876;8;12;2016;33;31;32;6;41;34
5877;10;12;2016;37;30;26;12;34;22
5878;13;12;2016;33;48;2;18;3;47
5879;15;12;2016;31;25;14;11;1;27
5880;17;12;2016;25;13;21;3;1;15
5881;20;12;2016;12;8;47;18;16;17
5882;22;12;2016;13;45;1;10;40;7
5883;24;12;2016;20;30;34;4;16;12
5884;27;12;2016;2;18;8;46;14;16
5885;29;12;2016;46;7;39;18;4;10
5886;31;12;2016;45;39;36;13;19;23
5887;3;1;2017;32;41;2;44;22;7
5888;5;1;2017;41;30;39;44;49;8
5889;7;1;2017;23;1;48;37;7;46
5890;10;1;2017;49;43;23;15;5;25
5891;12;1;2017;25;44;19;3;16;5
5892;14;1;2017;7;3;24;21;47;40
5893;17;1;2017;40;46;44;7;38;48
5894;19;1;2017;1;41;38;31;27;49
5895;21;1;2017;12;19;29;31;13;17
5896;24;1;2017;38;5;33;36;27;12
5897;26;1;2017;31;47;21;15;34;17
5898;28;1;2017;8;7;13;9;12;3
5899;31;1;2017;43;46;15;37;19;28
5900;2;2;2017;24;13;1;12;32;35
5901;4;2;2017;24;41;14;25;28;36
5902;7;2;2017;28;39;14;4;32;7
5903;9;2;2017;43;21;35;3;8;31
5904;11;2;2017;38;23;2;46;25;37
5905;14;2;2017;40;13;38;20;14;1
5906;16;2;2017;9;25;47;17;3;34
5907;18;2;2017;10;42;6;11;41;24
5908;21;2;2017;18;24;43;5;35;49
5909;23;2;2017;40;31;8;3;10;7
5910;25;2;2017;40;21;19;5;41;4
5911;28;2;2017;3;43;22;26;39;35
5912;2;3;2017;25;7;46;28;39;29
5913;4;3;2017;2;12;49;13;43;15
5914;7;3;2017;24;27;35;1;21;4
5915;9;3;2017;6;18;19;29;15;33
5916;11;3;2017;27;11;32;40;28;5
5917;14;3;2017;12;23;6;15;32;29
5918;16;3;2017;32;18;22;2;35;39
5919;18;3;2017;38;44;12;34;47;32
5920;21;3;2017;42;13;29;7;17;41
5921;23;3;2017;39;2;30;23;9;32
5922;25;3;2017;35;44;25;48;38;33
5923;28;3;2017;30;16;31;37;4;14
5924;30;3;2017;30;17;1;36;23;45
5925;1;4;2017;49;18;11;19;15;25
5926;4;4;2017;3;2;23;18;37;38
5927;6;4;2017;18;22;37;29;14;17
5928;8;4;2017;43;25;6;21;14;39
5929;11;4;2017;10;13;5;24;25;21
5930;13;4;2017;11;21;37;13;2;24
5931;15;4;2017;9;17;26;48;28;22
5932;18;4;2017;2;7;25;48;28;41
5933;20;4;2017;8;41;48;43;32;21
5934;22;4;2017;41;43;36;34;2;46
5935;25;4;2017;36;7;38;44;5;2
5936;27;4;2017;25;37;22;4;26;10
5937;29;4;2017;7;34;2;21;37;22
5938;2;5;2017;14;1;30;36;24;46
5939;4;5;2017;49;1;27;28;48;19
5940;6;5;2017;1;23;20;40;3;5
5941;9;5;2017;5;34;16;37;13;10
5942;11;5;2017;23;37;10;6;22;36
5943;13;5;2017;30;4;17;8;10;7
5944;16;5;2017;29;42;21;14;41;3
5945;18;5;2017;30;37;33;38;9;24
5946;20;5;2017;21;40;35;49;25;39
5947;23;5;2017;26;25;38;45;14;30
5948;25;5;2017;9;42;15;4;32;43
5949;27;5;2017;7;8;5;33;22;32
5950;30;5;2017;40;44;18;6;42;36
5951;1;6;2017;35;23;27;41;45;34
5952;3;6;2017;38;23;11;30;35;21
5953;6;6;2017;7;17;25;15;49;5
5954;8;6;2017;22;13;26;19;12;11
5955;10;6;2017;2;43;24;40;15;6
5956;13;6;2017;1;35;5;39;20;30
5957;15;6;2017;25;15;10;24;14;32
5958;17;6;2017;43;24;9;1;25;38
5959;20;6;2017;47;32;40;39;46;35
5960;22;6;2017;41;44;4;7;49;5
5961;24;6;2017;29;33;30;46;22;9
5962;27;6;2017;20;12;34;48;39;15
5963;29;6;2017;39;26;15;30;25;33
5964;1;7;2017;2;21;17;23;22;20
5965;4;7;2017;25;48;30;22;3;10
5966;6;7;2017;9;38;28;24;26;29
5967;8;7;2017;37;1;14;43;36;3
5968;11;7;2017;32;43;6;35;15;14
5969;13;7;2017;11;8;4;14;39;23
5970;15;7;2017;39;38;28;35;1;23
5971;18;7;2017;41;43;29;44;18;31
5972;20;7;2017;6;23;29;33;31;18
5973;22;7;2017;10;27;5;21;28;26
5974;25;7;2017;39;10;18;45;16;17
5975;27;7;2017;26;46;24;21;27;13
5976;29;7;2017;40;24;36;4;48;29
5977;1;8;2017;39;27;25;17;42;16
5978;3;8;2017;2;14;12;49;6;29
5979;5;8;2017;27;38;10;14;36;24
5980;8;8;2017;7;16;43;39;41;37
5981;10;8;2017;19;5;39;15;4;13
5982;12;8;2017;44;2;48;15;32;21
5983;15;8;2017;23;38;19;7;46;49
5984;17;8;2017;10;14;24;21;3;30
5985;19;8;2017;23;45;24;13;20;27
5986;22;8;2017;6;4;29;12;2;37
5987;24;8;2017;28;20;40;8;4;21
5988;26;8;2017;47;17;12;8;35;34
5989;29;8;2017;35;5;23;13;32;45
5990;31;8;2017;12;38;36;11;47;10
5991;2;9;2017;36;46;17;21;37;31
5992;5;9;2017;40;43;10;39;6;46
5993;7;9;2017;8;29;1;5;43;2
5994;9;9;2017;13;3;42;7;45;10
5995;12;9;2017;20;28;4;29;47;39
5996;14;9;2017;28;12;29;13;2;17
5997;16;9;2017;2;40;47;49;29;8
5998;19;9;2017;13;31;22;26;36;38
5999;21;9;2017;10;18;17;32;9;48
6000;23;9;2017;39;37;48;33;49;35
6001;26;9;2017;7;49;41;37;47;46
6002;28;9;2017;36;11;29;32;17;12
6003;30;9;2017;28;43;6;26;22;44
6004;3;10;2017;2;21;11;40;45;8
6005;5;10;2017;29;45;39;14;47;8
6006;7;10;2017;15;36;1;35;8;34
6007;10;10;2017;17;14;40;12;7;23
6008;12;10;2017;6;15;36;7;24;28
6009;14;10;2017;18;3;19;8;21;30
6010;17;10;2017;5;38;40;9;43;18
6011;19;10;2017;38;15;21;30;4;26
6012;21;10;2017;2;22;13;11;25;37
6013;24;10;2017;39;19;40;38;23;7
6014;26;10;2017;38;18;43;1;41;22
6015;28;10;2017;47;28;46;25;24;22
6016;31;10;2017;27;40;19;6;11;25
6017;2;11;2017;2;36;1;40;4;10
6018;4;11;2017;46;5;18;11;2;28
6019;7;11;2017;27;13;10;35;43;47
6020;9;11;2017;16;7;12;13;31;34
6021;11;11;2017;18;24;23;3;38;12
6022;14;11;2017;3;26;16;33;28;36
6023;16;11;2017;43;5;13;47;20;37
6024;18;11;2017;28;30;32;21;22;49
6025;21;11;2017;45;4;47;15;1;49
6026;23;11;2017;32;44;37;10;40;35
6027;25;11;2017;49;32;5;35;19;4
6028;28;11;2017;15;17;43;9;6;31
6029;30;11;2017;30;20;5;16;14;29
6030;2;12;2017;25;8;3;13;22;35
6031;5;12;2017;18;7;40;43;2;30
6032;7;12;2017;41;39;37;30;20;23
6033;9;12;2017;13;18;26;1;9;38
6034;12;12;2017;23;36;37;28;34;47
6035;14;12;2017;8;41;16;22;7;44
6036;16;12;2017;32;14;19;3;16;4
6037;19;12;2017;12;9;4;24;2;31
6038;21;12;2017;21;35;47;38;13;23
6039;23;12;2017;15;17;14;36;39;25
6040;26;12;2017;32;45;30;24;25;13
6041;28;12;2017;34;41;44;43;36;12
6042;30;12;2017;12;3;46;6;18;8
6043;2;1;2018;42;45;49;16;5;27
6044;4;1;2018;21;25;47;38;16;23
6045;6;1;2018;31;20;21;14;27;17
6046;9;1;2018;3;40;44;15;39;1
6047;11;1;2018;11;9;17;47;38;36
6048;13;1;2018;25;29;35;21;26;49
6049;16;1;2018;36;7;2;49;27;16
6050;18;1;2018;28;22;11;27;17;13
6051;20;1;2018;40;45;9;30;23;36
6052;23;1;2018;45;5;25;37;49;16
6053;25;1;2018;46;39;36;20;30;43
6054;27;1;2018;38;40;10;20;29;9
6055;30;1;2018;44;9;26;47;8;15
6056;1;2;2018;29;31;44;45;18;33
6057;3;2;2018;20;17;5;40;37;14
6058;6;2;2018;21;44;27;7;5;34
6059;8;2;2018;37;41;39;9;11;5
6060;10;2;2018;36;28;4;19;5;15
6061;13;2;2018;8;42;45;29;23;25
6062;15;2;2018;38;8;20;12;7;10
6063;17;2;2018;12;49;42;35;3;34
6064;20;2;2018;18;7;49;14;16;44
6065;22;2;2018;43;6;27;38;44;40
6066;24;2;2018;35;12;39;45;44;42
6067;27;2;2018;47;22;6;28;39;38
6068;1;3;2018;43;39;32;36;17;2
6069;3;3;2018;8;31;18;45;39;3
6070;6;3;2018;17;11;29;9;18;5
6071;8;3;2018;8;49;21;10;7;20
6072;10;3;2018;34;35;5;26;36;2
6073;13;3;2018;26;35;45;9;49;39
6074;15;3;2018;36;18;42;39;31;47
6075;17;3;2018;10;47;27;32;1;44
6076;20;3;2018;14;28;20;37;15;33
6077;22;3;2018;8;5;4;34;18;35
6078;24;3;2018;15;31;38;41;9;12
6079;27;3;2018;22;16;9;21;20;27
6080;29;3;2018;8;12;26;20;40;23
6081;31;3;2018;43;14;42;37;11;26
6082;3;4;2018;1;38;10;16;36;3
6083;5;4;2018;42;13;41;23;26;9
6084;7;4;2018;28;16;31;48;9;11
6085;10;4;2018;44;34;25;33;12;14
6086;12;4;2018;30;42;6;40;8;35
6087;14;4;2018;44;12;45;9;26;11
6088;17;4;2018;44;31;13;39;11;8
6089;19;4;2018;25;3;18;22;6;43
6090;21;4;2018;21;9;24;12;30;16
6091;24;4;2018;36;24;49;45;19;20
6092;26;4;2018;43;37;41;12;22;7
6093;28;4;2018;25;35;18;1;20;46
6094;1;5;2018;42;1;34;49;28;33
6095;3;5;2018;47;33;17;7;41;45
6096;5;5;2018;1;16;44;14;18;33
6097;8;5;2018;17;31;35;39;4;33
6098;10;5;2018;20;24;33;42;38;5
6099;12;5;2018;18;13;36;27;33;43
6100;15;5;2018;45;13;48;38;5;10
6101;17;5;2018;4;43;19;32;46;7
6102;19;5;2018;13;30;38;31;49;2
6103;22;5;2018;13;36;35;2;43;33
6104;24;5;2018;43;6;16;9;17;40
6105;26;5;2018;16;43;47;15;36;13
6106;29;5;2018;23;18;48;7;25;34
6107;31;5;2018;19;37;36;41;10;29
6108;2;6;2018;46;8;11;39;21;45
6109;5;6;2018;26;42;37;41;17;39
6110;7;6;2018;40;4;16;48;10;11
6111;9;6;2018;24;26;34;16;45;4
6112;12;6;2018;21;43;16;4;27;1
6113;14;6;2018;30;8;35;15;21;49
6114;16;6;2018;10;42;22;47;38;16
6115;19;6;2018;22;19;20;4;43;10
6116;21;6;2018;24;41;12;3;29;34
6117;23;6;2018;12;32;20;1;29;21
6118;26;6;2018;24;48;28;29;27;20
6119;28;6;2018;47;14;46;2;17;19
6120;30;6;2018;17;15;3;42;49;32
6121;3;7;2018;49;46;10;21;2;44
6122;5;7;2018;33;2;27;13;32;24
6123;7;7;2018;23;20;33;22;13;42
6124;10;7;2018;14;15;22;4;9;18
6125;12;7;2018;42;10;24;44;13;9
6126;14;7;2018;11;42;4;26;29;20
6127;17;7;2018;29;20;45;23;22;31
6128;19;7;2018;24;42;1;9;46;11
6129;21;7;2018;41;22;35;26;37;27
6130;24;7;2018;4;14;44;31;28;26
6131;26;7;2018;8;24;11;26;6;19
6132;28;7;2018;49;11;42;45;43;28
6133;31;7;2018;46;1;18;31;19;22
6134;2;8;2018;35;32;15;24;48;42
6135;4;8;2018;33;6;49;15;2;28
6136;7;8;2018;42;36;10;23;15;16
6137;9;8;2018;24;49;23;39;3;30
6138;11;8;2018;46;14;31;21;20;43
6139;14;8;2018;27;37;32;34;49;6
6140;16;8;2018;19;29;22;11;48;41
6141;18;8;2018;3;13;19;40;33;26
6142;21;8;2018;1;42;26;37;22;12
6143;23;8;2018;24;3;11;36;25;28
6144;25;8;2018;23;24;36;27;45;48
6145;28;8;2018;46;7;20;24;22;1
6146;30;8;2018;14;6;17;42;46;25
6147;1;9;2018;44;42;33;20;14;26
6148;4;9;2018;22;4;33;8;3;48
6149;6;9;2018;5;36;10;49;33;18
6150;8;9;2018;23;44;27;45;31;7
6151;11;9;2018;18;25;5;43;48;34
6152;13;9;2018;10;41;1;32;14;44
6153;15;9;2018;8;7;47;3;32;39
6154;18;9;2018;11;9;33;29;20;24
6155;20;9;2018;38;34;44;26;16;27
6156;22;9;2018;48;23;46;43;25;27
6157;25;9;2018;24;35;3;39;36;46
6158;27;9;2018;3;19;32;34;8;45
6159;29;9;2018;30;10;11;13;27;46
6160;2;10;2018;38;7;23;33;16;46
6161;4;10;2018;43;20;16;47;30;21
6162;6;10;2018;45;23;3;9;7;29
6163;9;10;2018;49;25;16;45;34;2
6164;11;10;2018;38;45;42;2;36;15
6165;13;10;2018;19;15;6;13;20;3
6166;16;10;2018;4;23;18;34;43;17
6167;18;10;2018;26;2;11;33;10;48
6168;20;10;2018;9;30;14;21;24;44
6169;23;10;2018;44;26;41;23;35;42
6170;25;10;2018;20;32;16;47;41;46
6171;27;10;2018;8;14;32;44;11;25
6172;30;10;2018;33;28;43;30;49;25
6173;1;11;2018;24;25;16;26;10;9
6174;3;11;2018;9;23;47;40;42;1
6175;6;11;2018;39;21;24;40;38;49
6176;8;11;2018;37;8;21;40;38;4
6177;10;11;2018;18;2;8;36;49;6
6178;13;11;2018;29;38;43;9;31;44
6179;15;11;2018;2;32;49;16;18;23
6180;17;11;2018;34;24;17;40;36;21
6181;20;11;2018;6;9;3;13;12;32
6182;22;11;2018;42;25;19;4;38;20
6183;24;11;2018;3;34;9;4;48;21
6184;27;11;2018;8;5;26;43;44;33
6185;29;11;2018;20;38;12;26;46;7
6186;1;12;2018;6;4;16;28;1;41
6187;4;12;2018;16;39;33;32;2;14
6188;6;12;2018;48;32;1;30;42;43
6189;8;12;2018;28;29;39;37;1;8
6190;11;12;2018;19;13;40;20;28;34
6191;13;12;2018;18;4;10;15;11;7
6192;15;12;2018;22;26;6;35;32;1
6193;18;12;2018;21;40;38;5;13;43
6194;20;12;2018;6;8;19;48;28;33
6195;22;12;2018;43;41;10;23;32;2
6196;25;12;2018;45;12;47;34;3;40
6197;27;12;2018;34;31;1;20;12;49
6198;29;12;2018;35;48;24;10;37;41
6199;1;1;2019;36;7;25;12;45;22
6200;3;1;2019;37;46;17;13;30;29
6201;5;1;2019;2;29;22;41;1;11
6202;8;1;2019;9;44;40;16;22;19
6203;10;1;2019;12;5;28;19;32;23
6204;12;1;2019;43;23;21;10;17;20
6205;15;1;2019;42;28;8;31;37;26
6206;17;1;2019;11;28;2;18;36;20
6207;19;1;2019;3;7;30;4;25;37
6208;22;1;2019;33;13;31;38;21;49
6209;24;1;2019;33;1;12;30;27;21
6210;26;1;2019;18;47;21;3;29;8
6211;29;1;2019;31;18;34;29;35;17
6212;31;1;2019;23;9;1;10;31;43
6213;2;2;2019;40;10;26;7;30;37
6214;5;2;2019;24;25;26;42;4;18
6215;7;2;2019;44;45;42;38;3;10
6216;9;2;2019;30;16;40;6;46;15
6217;12;2;2019;49;4;16;47;5;41
6218;14;2;2019;20;39;30;35;38;23
6219;16;2;2019;21;49;11;40;34;33
6220;19;2;2019;16;19;40;30;39;3
6221;21;2;2019;6;23;30;40;44;42
6222;23;2;2019;46;6;18;1;4;44
6223;26;2;2019;27;28;33;44;14;13
6224;28;2;2019;45;8;42;27;2;4
6225;2;3;2019;3;6;49;43;47;45
6226;5;3;2019;6;43;4;25;49;18
6227;7;3;2019;22;35;18;24;14;11
6228;9;3;2019;37;3;23;7;24;10
6229;12;3;2019;25;44;1;15;36;12
6230;14;3;2019;2;14;18;43;25;6
6231;16;3;2019;14;42;33;45;16;39
6232;19;3;2019;18;29;28;25;8;22
6233;21;3;2019;4;1;49;48;5;9
6234;23;3;2019;36;40;25;9;47;14
6235;26;3;2019;24;5;6;13;26;40
6236;28;3;2019;31;39;21;20;12;16
6237;30;3;2019;31;34;17;46;8;6
6238;2;4;2019;46;44;27;19;34;1
6239;4;4;2019;15;38;28;3;29;2
6240;6;4;2019;7;25;2;35;3;32
6241;9;4;2019;43;27;20;47;22;16
6242;11;4;2019;24;16;40;45;2;44
6243;13;4;2019;29;26;25;36;24;40
6244;16;4;2019;42;37;22;31;14;26
6245;18;4;2019;13;19;37;40;45;8
6246;20;4;2019;22;1;19;40;39;18
6247;23;4;2019;32;30;11;33;36;9
6248;25;4;2019;34;10;49;32;8;35
6249;27;4;2019;26;2;29;31;1;19
6250;30;4;2019;33;25;34;28;45;46
6251;2;5;2019;22;3;31;32;23;21
6252;4;5;2019;27;41;8;40;46;25
6253;7;5;2019;36;16;44;19;7;21
6254;9;5;2019;24;20;1;42;10;21
6255;11;5;2019;31;17;29;47;2;16
6256;14;5;2019;18;2;20;25;37;8
6257;16;5;2019;10;22;39;11;3;30
6258;18;5;2019;24;46;37;13;31;19
